Area,Bedrooms,Bathrooms,Parking,Age,Furnishing,Floor,City,Price
1076,3,2,1,32,Unfurnished,Ground,Bengaluru - Koramangala,120.74
1342,3,2,1,0,Unfurnished,Mid (5-10),Jaipur - Malviya Nagar,87.01
350,1,1,1,4,Unfurnished,Mid (5-10),Pune - Viman Nagar,65.5
619,2,2,0,12,Semi-Furnished,High (11+),Hyderabad - Banjara Hills,108.04
1000,3,3,1,18,Semi-Furnished,Ground,Mumbai - Thane,98.74
1236,3,2,1,11,Fully Furnished,Mid (5-10),Mumbai - Thane,113.69
1299,3,2,2,24,Semi-Furnished,High (11+),Mumbai - Bandra,193.63
1250,3,3,0,34,Semi-Furnished,Low (1-4),Kolkata - Salt Lake,89.33
1108,3,2,1,11,Semi-Furnished,High (11+),Hyderabad - Banjara Hills,150.08
1096,4,4,3,29,Semi-Furnished,Ground,Pune - Hinjewadi,103.36
1606,4,4,1,4,Unfurnished,Mid (5-10),Mumbai - Bandra,248.31
1341,3,3,1,33,Semi-Furnished,High (11+),Jaipur - Malviya Nagar,89.91
2482,5,5,0,21,Semi-Furnished,Mid (5-10),Kolkata - Salt Lake,182.31
350,1,1,2,12,Semi-Furnished,Low (1-4),Delhi - South Delhi,91.52
680,2,2,1,2,Fully Furnished,Ground,Delhi - South Delhi,151.4
457,1,1,1,19,Semi-Furnished,High (11+),Delhi - South Delhi,95.74
1153,3,2,1,30,Unfurnished,Low (1-4),Noida - Sector 62,68.95
1829,4,4,2,4,Semi-Furnished,Ground,Bengaluru - Sarjapur,154.95
654,2,2,1,23,Semi-Furnished,Mid (5-10),Bengaluru - Koramangala,102.23
1555,4,3,0,32,Unfurnished,Low (1-4),Noida - Sector 62,105.59
557,1,1,2,7,Fully Furnished,Ground,Hyderabad - Banjara Hills,84.41
2055,5,5,1,23,Fully Furnished,Low (1-4),Mumbai - Thane,198.86
1409,3,2,2,19,Fully Furnished,Ground,Noida - Sector 62,119.89
721,2,2,1,15,Unfurnished,Mid (5-10),Gurgaon - DLF Phase,96.2
1427,3,3,2,11,Fully Furnished,Mid (5-10),Bengaluru - Whitefield,154.18
500,2,2,1,12,Semi-Furnished,Mid (5-10),Chennai - Adyar,96.88
507,2,1,2,24,Semi-Furnished,High (11+),Delhi - South Delhi,122.43
1030,2,2,3,31,Semi-Furnished,High (11+),Bengaluru - Sarjapur,102.35
1601,4,3,1,23,Fully Furnished,Mid (5-10),Hyderabad - Banjara Hills,191.5
1365,3,3,1,8,Semi-Furnished,Ground,Mumbai - Bandra,192.43
817,2,2,1,22,Semi-Furnished,Mid (5-10),Hyderabad - Banjara Hills,110.82
1198,3,3,1,12,Semi-Furnished,Low (1-4),Mumbai - Thane,131.32
960,3,2,1,31,Semi-Furnished,Mid (5-10),Mumbai - Bandra,149.48
795,2,2,1,14,Unfurnished,Mid (5-10),Jaipur - Malviya Nagar,69.05
1445,3,3,1,4,Fully Furnished,Low (1-4),Jaipur - Malviya Nagar,122.18
810,2,2,1,21,Semi-Furnished,High (11+),Chennai - OMR,70.59
922,2,2,1,15,Semi-Furnished,Ground,Noida - Sector 62,74.73
1317,3,2,2,9,Unfurnished,Mid (5-10),Mumbai - Andheri,148.12
617,2,2,0,23,Semi-Furnished,Ground,Pune - Hinjewadi,55.13
1354,3,3,0,17,Unfurnished,High (11+),Bengaluru - Whitefield,131.08
1143,3,3,1,17,Unfurnished,Ground,Mumbai - Andheri,121.11
753,2,1,1,6,Semi-Furnished,Ground,Bengaluru - Whitefield,92.47
1577,3,3,1,3,Semi-Furnished,Low (1-4),Mumbai - Bandra,259.86
907,2,2,1,25,Semi-Furnished,Low (1-4),Ahmedabad - SG Highway,71.22
1885,5,4,1,4,Unfurnished,Low (1-4),Delhi - Dwarka,180.99
1211,3,2,2,15,Semi-Furnished,Mid (5-10),Pune - Koregaon Park,118.79
1606,4,4,0,34,Unfurnished,Low (1-4),Noida - Sector 62,103.29
1503,3,3,2,25,Fully Furnished,Ground,Bengaluru - Sarjapur,136.64
407,1,1,2,17,Semi-Furnished,Low (1-4),Hyderabad - Gachibowli,73.78
1597,3,3,2,28,Semi-Furnished,High (11+),Delhi - South Delhi,223.35
1766,5,5,3,22,Semi-Furnished,Mid (5-10),Jaipur - Malviya Nagar,135.79
1194,3,3,0,13,Unfurnished,Mid (5-10),Chennai - Adyar,112.81
1462,4,4,1,14,Fully Furnished,Mid (5-10),Jaipur - Malviya Nagar,115.99
1510,4,4,2,32,Unfurnished,Low (1-4),Kolkata - New Town,92.53
714,2,1,1,24,Semi-Furnished,Ground,Hyderabad - Banjara Hills,78.01
671,2,1,1,20,Semi-Furnished,Low (1-4),Ahmedabad - SG Highway,69.93
1511,3,3,2,16,Unfurnished,High (11+),Mumbai - Andheri,177.32
1456,3,3,2,22,Fully Furnished,High (11+),Delhi - South Delhi,250.09
1672,4,4,3,16,Semi-Furnished,Low (1-4),Mumbai - Bandra,285.73
1514,4,3,3,13,Unfurnished,Ground,Gurgaon - DLF Phase,149.22
1077,3,3,2,28,Unfurnished,Ground,Bengaluru - Koramangala,116.59
933,2,2,1,19,Unfurnished,Low (1-4),Delhi - Dwarka,97.22
1654,4,4,2,29,Fully Furnished,Mid (5-10),Kolkata - Salt Lake,157.35
773,2,2,0,18,Semi-Furnished,Ground,Gurgaon - DLF Phase,76.04
1697,4,4,1,12,Unfurnished,High (11+),Noida - Sector 62,135.51
1360,3,3,2,17,Unfurnished,Low (1-4),Bengaluru - Sarjapur,107.76
1172,3,3,1,22,Semi-Furnished,High (11+),Mumbai - Thane,116.18
350,1,1,1,32,Semi-Furnished,Mid (5-10),Chennai - OMR,42.55
962,3,3,1,17,Semi-Furnished,Mid (5-10),Mumbai - Andheri,167.42
1245,3,2,2,8,Semi-Furnished,Mid (5-10),Kochi - Marine Drive,122.75
1590,3,2,1,32,Unfurnished,Mid (5-10),Chennai - Adyar,136.97
600,2,2,2,31,Semi-Furnished,Mid (5-10),Delhi - South Delhi,97.23
1797,4,4,1,16,Fully Furnished,Mid (5-10),Mumbai - Bandra,321.79
1478,4,4,2,18,Unfurnished,Mid (5-10),Chennai - OMR,114.57
714,2,2,2,26,Semi-Furnished,High (11+),Pune - Hinjewadi,74.98
564,1,1,1,5,Semi-Furnished,Mid (5-10),Pune - Viman Nagar,66.98
354,1,1,1,34,Semi-Furnished,Mid (5-10),Chennai - Adyar,37.09
1244,3,3,1,33,Unfurnished,High (11+),Mumbai - Andheri,135.11
1241,3,3,3,19,Fully Furnished,Low (1-4),Gurgaon - DLF Phase,156.61
1078,3,2,2,24,Semi-Furnished,Ground,Mumbai - Andheri,123.74
961,2,1,3,3,Semi-Furnished,Low (1-4),Kolkata - Salt Lake,99.37
1188,3,2,1,9,Semi-Furnished,Mid (5-10),Hyderabad - Banjara Hills,140.86
950,3,3,2,9,Unfurnished,High (11+),Gurgaon - DLF Phase,140.07
1039,3,3,2,23,Unfurnished,Low (1-4),Mumbai - Bandra,194.16
1439,5,4,2,20,Semi-Furnished,Mid (5-10),Noida - Sector 62,132.04
809,2,1,3,10,Unfurnished,Mid (5-10),Gurgaon - DLF Phase,115.95
1434,3,3,1,26,Semi-Furnished,Ground,Pune - Viman Nagar,108.67
1011,3,3,1,15,Semi-Furnished,Mid (5-10),Pune - Koregaon Park,144.35
1305,3,3,2,25,Semi-Furnished,High (11+),Kolkata - New Town,84.33
1277,3,3,2,29,Semi-Furnished,Low (1-4),Bengaluru - Whitefield,120.96
1064,3,3,1,15,Semi-Furnished,Mid (5-10),Mumbai - Andheri,166.31
2276,5,4,1,6,Unfurnished,Mid (5-10),Pune - Hinjewadi,147.36
750,2,2,1,15,Semi-Furnished,Low (1-4),Chennai - Adyar,100.49
1161,2,1,1,34,Semi-Furnished,Ground,Hyderabad - Gachibowli,85.32
905,3,3,1,15,Semi-Furnished,High (11+),Chennai - Adyar,134.09
1151,3,2,2,11,Unfurnished,Low (1-4),Bengaluru - Whitefield,106.26
772,2,1,2,34,Semi-Furnished,Low (1-4),Bengaluru - Sarjapur,71.96
392,1,1,1,20,Unfurnished,Low (1-4),Bengaluru - Koramangala,67.27
528,1,1,1,16,Unfurnished,Mid (5-10),Mumbai - Bandra,103.78
2211,4,4,1,31,Unfurnished,Mid (5-10),Mumbai - Andheri,216.58
881,2,2,1,5,Fully Furnished,Mid (5-10),Mumbai - Bandra,218.33
804,2,1,2,23,Unfurnished,Ground,Pune - Koregaon Park,61.8
602,2,1,3,26,Unfurnished,High (11+),Noida - Sector 62,63.66
859,3,3,1,19,Unfurnished,Low (1-4),Bengaluru - Sarjapur,77.6
610,1,1,2,24,Unfurnished,Low (1-4),Ahmedabad - SG Highway,50.05
1101,3,3,2,1,Semi-Furnished,Low (1-4),Delhi - Dwarka,133.99
868,1,1,2,8,Unfurnished,Low (1-4),Bengaluru - Koramangala,80.28
1756,4,4,1,27,Unfurnished,High (11+),Chennai - Adyar,168.46
861,2,2,3,2,Semi-Furnished,High (11+),Delhi - Dwarka,126.73
1270,3,3,1,19,Semi-Furnished,Low (1-4),Mumbai - Andheri,166.72
1672,4,4,1,5,Semi-Furnished,High (11+),Noida - Sector 62,159.96
1074,3,3,0,32,Semi-Furnished,Mid (5-10),Mumbai - Thane,103.63
884,3,2,1,0,Unfurnished,High (11+),Ahmedabad - SG Highway,82.46
700,2,2,0,5,Semi-Furnished,Low (1-4),Chennai - OMR,73.87
796,2,2,1,33,Unfurnished,Mid (5-10),Pune - Koregaon Park,65.94
1083,3,2,1,14,Semi-Furnished,Low (1-4),Kolkata - New Town,86.21
1768,5,4,2,25,Semi-Furnished,High (11+),Chennai - OMR,166.18
1065,3,3,2,13,Unfurnished,Ground,Delhi - South Delhi,151.49
1386,3,3,1,6,Semi-Furnished,Mid (5-10),Kolkata - New Town,110.73
1734,4,4,2,30,Fully Furnished,Low (1-4),Bengaluru - Sarjapur,172.39
1230,3,3,2,23,Fully Furnished,Low (1-4),Chennai - OMR,103.48
505,1,1,2,30,Semi-Furnished,Mid (5-10),Ahmedabad - SG Highway,49.73
996,3,3,1,28,Semi-Furnished,High (11+),Noida - Sector 62,82.0
1856,5,5,2,31,Unfurnished,Mid (5-10),Mumbai - Andheri,216.78
855,2,1,3,16,Unfurnished,High (11+),Delhi - South Delhi,140.06
1019,3,3,2,13,Semi-Furnished,Low (1-4),Bengaluru - Koramangala,156.31
819,2,1,1,23,Semi-Furnished,Mid (5-10),Chennai - OMR,63.78
972,3,3,1,26,Fully Furnished,Low (1-4),Kolkata - Salt Lake,96.77
350,1,1,2,24,Semi-Furnished,Ground,Mumbai - Bandra,96.35
1332,3,2,1,31,Semi-Furnished,Mid (5-10),Bengaluru - Sarjapur,105.6
1784,4,3,0,17,Semi-Furnished,Mid (5-10),Bengaluru - Koramangala,208.57
686,2,1,1,17,Fully Furnished,Mid (5-10),Delhi - South Delhi,140.72
926,3,2,2,25,Semi-Furnished,Mid (5-10),Mumbai - Andheri,133.97
1202,4,4,2,8,Semi-Furnished,Mid (5-10),Gurgaon - DLF Phase,175.31
1931,4,4,1,34,Semi-Furnished,Ground,Jaipur - Malviya Nagar,108.13
820,2,2,3,7,Fully Furnished,Ground,Noida - Sector 62,92.65
1090,3,2,1,19,Unfurnished,Mid (5-10),Bengaluru - Sarjapur,100.47
734,2,1,2,21,Fully Furnished,Low (1-4),Pune - Hinjewadi,72.22
1655,5,5,2,18,Semi-Furnished,Ground,Gurgaon - DLF Phase,189.21
1711,4,4,2,29,Semi-Furnished,Low (1-4),Kochi - Marine Drive,150.79
1560,3,3,3,27,Semi-Furnished,Mid (5-10),Jaipur - Malviya Nagar,102.82
1459,4,3,1,34,Semi-Furnished,Low (1-4),Delhi - Dwarka,134.94
1629,3,3,2,10,Unfurnished,Mid (5-10),Bengaluru - Sarjapur,113.8
1179,3,3,1,30,Fully Furnished,Mid (5-10),Noida - Sector 62,100.57
700,1,1,2,29,Semi-Furnished,Low (1-4),Noida - Sector 62,52.09
1655,4,4,2,22,Semi-Furnished,Mid (5-10),Mumbai - Bandra,265.43
855,2,1,2,18,Unfurnished,Mid (5-10),Hyderabad - Banjara Hills,90.41
1931,4,3,1,11,Semi-Furnished,Mid (5-10),Bengaluru - Sarjapur,170.78
1740,4,3,2,14,Semi-Furnished,Mid (5-10),Mumbai - Bandra,270.01
1267,3,3,1,30,Semi-Furnished,Ground,Noida - Sector 62,87.79
350,1,1,0,14,Semi-Furnished,Mid (5-10),Ahmedabad - SG Highway,42.48
528,2,2,2,28,Semi-Furnished,Low (1-4),Delhi - Dwarka,68.64
882,2,1,1,25,Fully Furnished,High (11+),Mumbai - Thane,111.83
1464,3,3,2,1,Semi-Furnished,High (11+),Bengaluru - Whitefield,176.77
423,1,1,1,19,Fully Furnished,Mid (5-10),Kochi - Marine Drive,51.91
1893,5,5,1,14,Unfurnished,Low (1-4),Delhi - Dwarka,184.29
868,3,2,2,3,Semi-Furnished,Low (1-4),Pune - Koregaon Park,125.71
658,2,2,1,21,Semi-Furnished,Low (1-4),Chennai - Adyar,75.83
1223,3,2,1,22,Semi-Furnished,Low (1-4),Delhi - Dwarka,112.62
1045,3,3,2,25,Fully Furnished,Low (1-4),Pune - Viman Nagar,108.02
1026,3,3,1,10,Unfurnished,Mid (5-10),Gurgaon - DLF Phase,118.32
1190,3,3,2,27,Unfurnished,Low (1-4),Pune - Koregaon Park,102.51
1860,4,4,1,1,Fully Furnished,High (11+),Pune - Koregaon Park,213.65
1323,3,3,2,7,Unfurnished,Ground,Bengaluru - Sarjapur,113.19
2051,5,5,2,28,Semi-Furnished,High (11+),Mumbai - Andheri,263.11
1633,4,4,2,10,Semi-Furnished,High (11+),Kolkata - Salt Lake,152.29
899,2,1,0,17,Fully Furnished,Mid (5-10),Noida - Sector 62,79.5
1980,5,5,2,13,Unfurnished,Mid (5-10),Delhi - South Delhi,251.92
726,2,1,2,9,Unfurnished,Low (1-4),Mumbai - Bandra,143.99
1732,4,4,2,34,Semi-Furnished,Mid (5-10),Hyderabad - Banjara Hills,186.15
1159,3,2,1,8,Fully Furnished,Low (1-4),Pune - Hinjewadi,104.31
1386,4,4,2,34,Semi-Furnished,Low (1-4),Mumbai - Bandra,211.33
1859,4,4,2,10,Semi-Furnished,Mid (5-10),Bengaluru - Sarjapur,181.43
1263,4,4,0,11,Semi-Furnished,Low (1-4),Delhi - South Delhi,206.81
1873,4,4,1,2,Fully Furnished,Mid (5-10),Pune - Koregaon Park,213.61
891,2,2,2,13,Fully Furnished,Low (1-4),Delhi - South Delhi,175.65
350,1,1,0,27,Fully Furnished,Low (1-4),Pune - Hinjewadi,31.28
1204,3,2,3,10,Unfurnished,Ground,Bengaluru - Koramangala,152.83
722,2,1,2,24,Unfurnished,Ground,Jaipur - Malviya Nagar,47.24
1345,3,2,2,20,Semi-Furnished,Low (1-4),Mumbai - Thane,127.14
941,2,2,1,9,Fully Furnished,Ground,Gurgaon - DLF Phase,145.6
2083,5,5,1,14,Unfurnished,Ground,Mumbai - Andheri,215.93
1334,3,3,3,18,Unfurnished,High (11+),Ahmedabad - SG Highway,91.63
1579,4,4,1,21,Fully Furnished,Ground,Kolkata - New Town,106.51
1117,2,2,2,20,Unfurnished,Mid (5-10),Delhi - Dwarka,108.36
1820,4,4,1,31,Semi-Furnished,Low (1-4),Pune - Koregaon Park,159.72
1514,4,4,1,22,Semi-Furnished,High (11+),Chennai - OMR,127.33
1345,3,3,0,12,Semi-Furnished,Low (1-4),Hyderabad - Gachibowli,127.43
1330,3,2,1,4,Semi-Furnished,Low (1-4),Bengaluru - Sarjapur,125.48
1553,4,3,3,3,Semi-Furnished,Mid (5-10),Delhi - Dwarka,192.55
739,2,2,1,27,Semi-Furnished,Low (1-4),Mumbai - Andheri,102.8
1418,3,2,1,13,Semi-Furnished,Mid (5-10),Ahmedabad - SG Highway,100.9
1197,3,2,1,7,Semi-Furnished,Ground,Ahmedabad - SG Highway,86.35
846,2,2,1,8,Semi-Furnished,High (11+),Pune - Koregaon Park,108.04
1452,3,3,1,34,Unfurnished,Low (1-4),Gurgaon - DLF Phase,127.61
856,1,1,2,20,Unfurnished,Low (1-4),Gurgaon - DLF Phase,84.76
350,1,1,1,17,Unfurnished,Mid (5-10),Pune - Viman Nagar,43.42
760,2,1,1,32,Unfurnished,Low (1-4),Ahmedabad - SG Highway,49.82
2013,5,5,1,7,Semi-Furnished,High (11+),Kolkata - New Town,155.64
1217,3,3,3,16,Fully Furnished,Low (1-4),Chennai - Adyar,153.93
2067,5,5,1,30,Semi-Furnished,Mid (5-10),Pune - Koregaon Park,206.07
1111,3,3,0,33,Fully Furnished,Ground,Mumbai - Andheri,153.58
572,2,2,2,5,Semi-Furnished,High (11+),Mumbai - Thane,85.32
1515,3,2,1,21,Semi-Furnished,Mid (5-10),Ahmedabad - SG Highway,106.44
1310,3,2,1,13,Semi-Furnished,Low (1-4),Hyderabad - Banjara Hills,147.7
724,2,1,1,2,Unfurnished,Ground,Mumbai - Bandra,129.04
1278,3,2,2,11,Unfurnished,Low (1-4),Mumbai - Andheri,145.33
1129,2,1,1,11,Semi-Furnished,High (11+),Pune - Koregaon Park,108.07
1058,3,3,2,1,Fully Furnished,Low (1-4),Mumbai - Bandra,246.05
1238,3,3,2,1,Unfurnished,Low (1-4),Mumbai - Thane,113.05
549,2,2,1,14,Unfurnished,Ground,Hyderabad - Gachibowli,74.57
378,1,1,1,22,Fully Furnished,Low (1-4),Pune - Hinjewadi,58.88
1710,4,4,1,28,Unfurnished,Mid (5-10),Pune - Koregaon Park,143.82
999,3,2,2,16,Fully Furnished,High (11+),Delhi - South Delhi,218.53
366,1,1,1,31,Semi-Furnished,Mid (5-10),Pune - Hinjewadi,36.54
2143,5,5,1,6,Fully Furnished,High (11+),Delhi - Dwarka,252.17
506,1,1,1,29,Semi-Furnished,Mid (5-10),Gurgaon - DLF Phase,80.25
991,3,3,3,27,Semi-Furnished,Ground,Pune - Viman Nagar,107.34
2067,5,4,1,13,Semi-Furnished,Low (1-4),Pune - Koregaon Park,205.91
900,2,1,3,29,Semi-Furnished,Mid (5-10),Kolkata - Salt Lake,83.79
819,2,2,1,16,Semi-Furnished,High (11+),Pune - Koregaon Park,108.29
996,2,2,0,31,Unfurnished,High (11+),Hyderabad - Gachibowli,85.05
693,2,2,1,5,Semi-Furnished,Low (1-4),Mumbai - Andheri,137.08
874,2,2,1,23,Semi-Furnished,Low (1-4),Gurgaon - DLF Phase,111.37
990,3,3,1,5,Fully Furnished,Low (1-4),Delhi - Dwarka,151.65
350,1,1,0,26,Semi-Furnished,High (11+),Delhi - Dwarka,41.65
1340,3,3,3,17,Semi-Furnished,High (11+),Kochi - Marine Drive,135.17
2003,5,5,2,23,Unfurnished,Mid (5-10),Bengaluru - Koramangala,225.96
1516,4,4,2,23,Semi-Furnished,Low (1-4),Kolkata - New Town,120.77
1008,3,3,1,33,Semi-Furnished,Mid (5-10),Pune - Koregaon Park,114.98
948,2,2,1,14,Fully Furnished,Low (1-4),Chennai - OMR,93.99
928,3,3,0,10,Fully Furnished,Low (1-4),Bengaluru - Sarjapur,106.9
1378,3,3,2,21,Unfurnished,Mid (5-10),Hyderabad - Gachibowli,121.46
1281,3,3,3,23,Fully Furnished,Ground,Bengaluru - Whitefield,145.17
537,2,2,1,0,Unfurnished,Ground,Delhi - South Delhi,115.04
1622,4,4,0,17,Semi-Furnished,High (11+),Pune - Viman Nagar,137.73
1677,3,3,1,11,Semi-Furnished,Mid (5-10),Noida - Sector 62,128.25
1014,2,1,1,27,Unfurnished,Low (1-4),Mumbai - Bandra,132.75
1050,3,3,1,6,Semi-Furnished,Mid (5-10),Pune - Koregaon Park,108.54
1329,3,3,2,22,Unfurnished,Low (1-4),Delhi - South Delhi,182.77
1345,4,4,2,20,Unfurnished,Mid (5-10),Jaipur - Malviya Nagar,96.79
1353,4,4,0,33,Semi-Furnished,Mid (5-10),Jaipur - Malviya Nagar,95.74
1587,4,4,0,10,Semi-Furnished,Mid (5-10),Ahmedabad - SG Highway,115.74
499,1,1,3,21,Fully Furnished,Mid (5-10),Gurgaon - DLF Phase,102.51
1346,3,2,1,34,Semi-Furnished,Low (1-4),Mumbai - Bandra,176.74
1348,3,3,0,28,Semi-Furnished,Low (1-4),Ahmedabad - SG Highway,83.58
489,1,1,1,27,Semi-Furnished,Low (1-4),Bengaluru - Koramangala,76.67
509,2,2,0,17,Unfurnished,Low (1-4),Jaipur - Malviya Nagar,47.8
1589,4,3,1,13,Unfurnished,Mid (5-10),Jaipur - Malviya Nagar,93.88
974,2,2,2,17,Semi-Furnished,Low (1-4),Kolkata - Salt Lake,100.49
1279,3,3,1,27,Semi-Furnished,Ground,Noida - Sector 62,89.48
832,2,2,1,23,Semi-Furnished,Low (1-4),Bengaluru - Koramangala,108.35
459,1,1,2,7,Semi-Furnished,High (11+),Kolkata - Salt Lake,80.97
856,2,2,1,7,Semi-Furnished,Low (1-4),Noida - Sector 62,68.71
1646,5,5,2,3,Unfurnished,Mid (5-10),Mumbai - Thane,149.23
1807,4,4,2,26,Unfurnished,Low (1-4),Hyderabad - Gachibowli,147.04
1980,5,4,0,4,Fully Furnished,Ground,Jaipur - Malviya Nagar,124.37
1327,3,3,2,32,Semi-Furnished,Low (1-4),Pune - Hinjewadi,84.77
384,2,2,1,33,Fully Furnished,Mid (5-10),Hyderabad - Gachibowli,78.21
1498,3,2,3,29,Unfurnished,Mid (5-10),Mumbai - Andheri,158.14
991,3,3,1,7,Fully Furnished,High (11+),Hyderabad - Banjara Hills,187.1
2057,4,4,3,25,Unfurnished,Low (1-4),Kochi - Marine Drive,142.34
781,1,1,2,33,Unfurnished,Ground,Mumbai - Thane,55.59
961,3,3,1,6,Fully Furnished,High (11+),Bengaluru - Sarjapur,136.18
947,2,1,1,27,Unfurnished,Low (1-4),Kolkata - New Town,62.56
616,2,2,3,27,Semi-Furnished,Mid (5-10),Pune - Viman Nagar,74.73
1484,4,4,2,13,Unfurnished,Mid (5-10),Pune - Hinjewadi,112.56
1088,3,3,0,3,Semi-Furnished,Low (1-4),Pune - Hinjewadi,99.36
1280,3,3,2,17,Fully Furnished,Mid (5-10),Gurgaon - DLF Phase,196.81
1258,3,2,1,24,Semi-Furnished,Ground,Noida - Sector 62,96.36
983,3,3,0,6,Semi-Furnished,Low (1-4),Chennai - OMR,90.9
1679,4,4,1,27,Unfurnished,Ground,Chennai - OMR,101.88
1563,4,3,1,4,Semi-Furnished,High (11+),Kolkata - New Town,125.41
1672,5,5,2,2,Semi-Furnished,Low (1-4),Ahmedabad - SG Highway,128.74
1521,4,3,1,30,Unfurnished,Mid (5-10),Bengaluru - Sarjapur,118.77
1098,2,1,2,19,Semi-Furnished,High (11+),Bengaluru - Sarjapur,109.49
1127,3,2,0,18,Unfurnished,Mid (5-10),Chennai - OMR,84.2
869,3,3,1,10,Fully Furnished,Mid (5-10),Pune - Koregaon Park,146.87
946,2,2,1,2,Semi-Furnished,Low (1-4),Pune - Hinjewadi,98.49
1433,4,3,1,22,Unfurnished,Low (1-4),Chennai - OMR,104.87
438,1,1,0,6,Semi-Furnished,Low (1-4),Kolkata - New Town,53.62
1569,4,4,1,22,Semi-Furnished,Mid (5-10),Gurgaon - DLF Phase,175.28
1517,3,2,1,6,Semi-Furnished,High (11+),Bengaluru - Koramangala,185.54
1169,3,2,1,33,Fully Furnished,High (11+),Mumbai - Andheri,182.9
993,3,3,1,18,Semi-Furnished,High (11+),Hyderabad - Gachibowli,112.61
1515,4,4,1,8,Fully Furnished,High (11+),Mumbai - Bandra,339.32
978,3,3,2,17,Semi-Furnished,Low (1-4),Bengaluru - Whitefield,129.68
1162,3,2,3,24,Unfurnished,Mid (5-10),Bengaluru - Sarjapur,108.11
718,1,1,1,13,Semi-Furnished,High (11+),Noida - Sector 62,60.44
1424,3,3,1,24,Semi-Furnished,Low (1-4),Hyderabad - Banjara Hills,142.61
1167,2,2,0,18,Semi-Furnished,High (11+),Mumbai - Bandra,196.65
1686,4,3,3,14,Fully Furnished,Low (1-4),Mumbai - Bandra,290.24
1225,3,3,0,15,Semi-Furnished,Mid (5-10),Chennai - OMR,103.08
1020,3,3,1,26,Fully Furnished,Mid (5-10),Gurgaon - DLF Phase,157.16
448,1,1,1,9,Fully Furnished,High (11+),Mumbai - Thane,70.64
376,1,1,1,3,Semi-Furnished,Low (1-4),Bengaluru - Sarjapur,54.79
1340,3,3,1,18,Semi-Furnished,Mid (5-10),Chennai - Adyar,126.35
350,1,1,2,27,Semi-Furnished,Mid (5-10),Delhi - South Delhi,77.39
409,1,1,1,20,Fully Furnished,Low (1-4),Hyderabad - Banjara Hills,80.09
350,1,1,2,13,Semi-Furnished,Mid (5-10),Mumbai - Andheri,75.36
2060,5,5,1,32,Unfurnished,Mid (5-10),Mumbai - Bandra,279.35
1721,4,3,0,9,Semi-Furnished,Mid (5-10),Bengaluru - Sarjapur,148.16
908,3,3,3,18,Semi-Furnished,Low (1-4),Bengaluru - Sarjapur,101.07
558,2,2,1,29,Unfurnished,Low (1-4),Pune - Koregaon Park,70.12
566,2,2,2,21,Unfurnished,Mid (5-10),Pune - Viman Nagar,78.33
1568,4,4,1,2,Semi-Furnished,Low (1-4),Kochi - Marine Drive,157.73
948,3,3,0,17,Semi-Furnished,Low (1-4),Bengaluru - Sarjapur,91.7
1048,2,2,3,10,Semi-Furnished,High (11+),Noida - Sector 62,119.3
878,2,2,1,1,Unfurnished,Mid (5-10),Chennai - OMR,88.38
507,1,1,2,11,Unfurnished,Mid (5-10),Delhi - Dwarka,68.27
913,3,2,1,5,Semi-Furnished,Low (1-4),Bengaluru - Whitefield,108.52
1832,4,3,2,28,Semi-Furnished,Low (1-4),Mumbai - Andheri,218.6
916,2,1,0,29,Unfurnished,Low (1-4),Mumbai - Bandra,120.33
350,1,1,1,1,Semi-Furnished,Low (1-4),Jaipur - Malviya Nagar,42.42
350,1,1,2,8,Semi-Furnished,Mid (5-10),Kolkata - Salt Lake,58.15
1986,5,4,3,1,Unfurnished,Mid (5-10),Pune - Hinjewadi,147.39
716,2,2,3,28,Unfurnished,Low (1-4),Bengaluru - Koramangala,90.08
1523,4,4,2,32,Unfurnished,Ground,Delhi - South Delhi,194.43
1073,3,2,2,9,Fully Furnished,Low (1-4),Mumbai - Thane,135.29
1329,3,2,1,33,Fully Furnished,Low (1-4),Delhi - Dwarka,143.87
350,2,2,1,7,Fully Furnished,Ground,Hyderabad - Gachibowli,84.84
1057,2,2,1,32,Semi-Furnished,High (11+),Pune - Viman Nagar,82.34
1379,3,2,1,5,Semi-Furnished,Mid (5-10),Pune - Koregaon Park,135.87
1637,4,4,1,18,Semi-Furnished,Mid (5-10),Noida - Sector 62,145.17
1174,3,2,1,31,Semi-Furnished,Low (1-4),Jaipur - Malviya Nagar,76.63
1394,3,2,1,26,Unfurnished,High (11+),Pune - Viman Nagar,94.14
392,1,1,2,0,Semi-Furnished,Mid (5-10),Hyderabad - Gachibowli,76.95
1949,5,5,1,32,Fully Furnished,Mid (5-10),Hyderabad - Banjara Hills,235.57
1804,4,4,1,31,Semi-Furnished,Low (1-4),Bengaluru - Koramangala,199.16
1176,2,1,1,4,Semi-Furnished,High (11+),Delhi - Dwarka,121.48
1825,5,5,2,16,Unfurnished,High (11+),Gurgaon - DLF Phase,228.97
1276,3,2,2,7,Semi-Furnished,High (11+),Chennai - Adyar,137.98
1004,3,3,2,33,Semi-Furnished,Low (1-4),Mumbai - Bandra,177.73
1690,4,4,1,8,Fully Furnished,Low (1-4),Mumbai - Andheri,262.87
1459,4,3,1,22,Semi-Furnished,Low (1-4),Mumbai - Bandra,239.2
1418,3,2,0,34,Fully Furnished,Low (1-4),Mumbai - Bandra,223.04
781,2,1,1,6,Semi-Furnished,High (11+),Kolkata - Salt Lake,77.15
808,2,1,1,14,Fully Furnished,Ground,Pune - Hinjewadi,77.39
1893,4,4,0,19,Semi-Furnished,Ground,Bengaluru - Whitefield,161.27
668,2,1,1,24,Semi-Furnished,Low (1-4),Mumbai - Andheri,84.24
1323,3,2,3,2,Semi-Furnished,Low (1-4),Bengaluru - Whitefield,155.25
1085,3,3,3,23,Semi-Furnished,Low (1-4),Bengaluru - Whitefield,118.57
1415,3,3,1,33,Fully Furnished,Mid (5-10),Delhi - South Delhi,201.64
1521,3,3,0,21,Unfurnished,Mid (5-10),Bengaluru - Koramangala,158.02
1952,5,5,1,10,Unfurnished,Ground,Bengaluru - Koramangala,199.92
405,2,1,1,7,Fully Furnished,Low (1-4),Hyderabad - Banjara Hills,92.99
676,2,2,3,34,Semi-Furnished,Low (1-4),Pune - Koregaon Park,80.17
1237,2,2,1,7,Semi-Furnished,Ground,Mumbai - Bandra,207.15
1493,4,4,2,26,Semi-Furnished,Mid (5-10),Bengaluru - Koramangala,180.76
1518,3,3,0,27,Unfurnished,Mid (5-10),Hyderabad - Banjara Hills,130.56
690,2,2,3,33,Fully Furnished,Mid (5-10),Bengaluru - Sarjapur,92.81
1486,4,4,1,31,Semi-Furnished,Mid (5-10),Kolkata - Salt Lake,117.23
1740,4,3,2,14,Semi-Furnished,Ground,Pune - Koregaon Park,147.67
1718,4,4,1,16,Semi-Furnished,High (11+),Mumbai - Thane,166.46
1753,4,4,2,32,Fully Furnished,High (11+),Mumbai - Andheri,258.47
800,2,2,1,15,Unfurnished,High (11+),Pune - Koregaon Park,98.3
1786,4,3,1,28,Fully Furnished,Ground,Mumbai - Bandra,269.14
1373,3,3,3,8,Unfurnished,High (11+),Hyderabad - Gachibowli,133.32
1806,4,3,3,32,Semi-Furnished,High (11+),Jaipur - Malviya Nagar,123.45
1087,3,2,2,28,Fully Furnished,High (11+),Hyderabad - Gachibowli,134.2
1786,4,3,2,12,Semi-Furnished,Ground,Bengaluru - Koramangala,199.68
1106,3,3,2,20,Semi-Furnished,Mid (5-10),Pune - Koregaon Park,136.76
771,2,1,0,20,Semi-Furnished,High (11+),Bengaluru - Whitefield,77.6
1168,3,3,1,4,Semi-Furnished,Mid (5-10),Hyderabad - Gachibowli,126.05
1820,5,4,1,9,Unfurnished,Mid (5-10),Jaipur - Malviya Nagar,124.65
1687,5,5,2,5,Fully Furnished,High (11+),Bengaluru - Koramangala,257.18
620,1,1,1,12,Fully Furnished,Low (1-4),Jaipur - Malviya Nagar,54.57
673,2,2,1,0,Semi-Furnished,Mid (5-10),Ahmedabad - SG Highway,68.94
751,2,2,1,19,Semi-Furnished,Low (1-4),Delhi - South Delhi,109.02
1068,3,2,2,7,Unfurnished,High (11+),Mumbai - Andheri,152.48
1553,4,4,1,9,Unfurnished,Ground,Mumbai - Andheri,182.87
708,2,2,1,8,Semi-Furnished,Mid (5-10),Mumbai - Bandra,161.1
1430,3,3,1,2,Fully Furnished,Mid (5-10),Mumbai - Andheri,229.6
1493,4,3,1,10,Semi-Furnished,Mid (5-10),Pune - Hinjewadi,132.33
1908,4,3,1,11,Fully Furnished,Mid (5-10),Mumbai - Andheri,252.19
1405,3,2,2,9,Unfurnished,High (11+),Noida - Sector 62,128.98
1114,3,2,2,24,Semi-Furnished,High (11+),Kolkata - Salt Lake,101.94
1257,3,3,2,24,Unfurnished,Ground,Mumbai - Bandra,174.88
893,2,2,1,10,Semi-Furnished,Low (1-4),Chennai - OMR,78.05
1351,3,2,2,25,Unfurnished,Ground,Noida - Sector 62,91.28
1369,3,3,1,13,Fully Furnished,Low (1-4),Mumbai - Andheri,191.99
1633,4,4,1,0,Unfurnished,Mid (5-10),Pune - Hinjewadi,125.22
1028,3,3,2,3,Fully Furnished,High (11+),Pune - Koregaon Park,153.43
1715,4,4,1,29,Semi-Furnished,High (11+),Kolkata - New Town,125.25
757,2,2,0,11,Fully Furnished,Ground,Pune - Viman Nagar,84.75
697,3,2,2,34,Semi-Furnished,Ground,Chennai - OMR,63.92
470,1,1,1,12,Fully Furnished,Mid (5-10),Noida - Sector 62,59.98
667,2,2,2,30,Unfurnished,Mid (5-10),Delhi - South Delhi,122.56
1117,3,3,0,22,Semi-Furnished,Low (1-4),Pune - Viman Nagar,96.36
2001,5,4,2,3,Fully Furnished,High (11+),Chennai - OMR,199.4
350,1,1,1,15,Unfurnished,High (11+),Kochi - Marine Drive,44.52
1225,3,2,0,6,Unfurnished,Low (1-4),Bengaluru - Koramangala,132.54
1542,4,3,2,21,Semi-Furnished,High (11+),Bengaluru - Koramangala,185.29
642,2,2,1,28,Fully Furnished,Low (1-4),Chennai - Adyar,108.53
1208,3,2,1,10,Semi-Furnished,Mid (5-10),Gurgaon - DLF Phase,165.6
1295,4,3,0,32,Semi-Furnished,Low (1-4),Ahmedabad - SG Highway,92.53
1213,3,2,1,28,Unfurnished,Ground,Kolkata - Salt Lake,94.77
884,2,1,1,11,Unfurnished,High (11+),Bengaluru - Koramangala,121.39
1254,3,3,0,6,Fully Furnished,Low (1-4),Pune - Viman Nagar,126.61
1741,4,4,3,25,Unfurnished,Mid (5-10),Chennai - Adyar,167.79
1409,3,3,0,8,Semi-Furnished,Low (1-4),Mumbai - Andheri,191.12
385,1,1,1,33,Fully Furnished,Ground,Ahmedabad - SG Highway,31.19
1797,4,3,1,12,Unfurnished,Ground,Bengaluru - Sarjapur,120.26
384,1,1,1,24,Semi-Furnished,Low (1-4),Chennai - OMR,46.83
1474,4,3,3,23,Unfurnished,Mid (5-10),Noida - Sector 62,110.84
729,2,1,1,16,Semi-Furnished,Low (1-4),Ahmedabad - SG Highway,47.09
2048,5,4,3,1,Unfurnished,Mid (5-10),Bengaluru - Koramangala,224.72
1395,3,2,1,12,Semi-Furnished,Mid (5-10),Mumbai - Bandra,221.29
800,2,2,2,30,Semi-Furnished,Mid (5-10),Ahmedabad - SG Highway,66.61
678,2,2,1,28,Semi-Furnished,Low (1-4),Mumbai - Andheri,101.27
1059,2,2,2,27,Semi-Furnished,High (11+),Noida - Sector 62,105.83
1341,4,4,1,26,Unfurnished,Low (1-4),Jaipur - Malviya Nagar,85.64
1879,5,5,1,14,Semi-Furnished,Low (1-4),Jaipur - Malviya Nagar,131.59
1360,3,3,1,30,Semi-Furnished,Low (1-4),Hyderabad - Gachibowli,105.88
1517,3,2,1,14,Semi-Furnished,Low (1-4),Pune - Koregaon Park,136.43
1286,3,3,3,32,Unfurnished,Ground,Bengaluru - Whitefield,113.64
1644,4,4,1,19,Semi-Furnished,Mid (5-10),Noida - Sector 62,124.26
1147,3,2,1,11,Unfurnished,Low (1-4),Gurgaon - DLF Phase,118.51
1298,3,3,2,8,Semi-Furnished,Low (1-4),Pune - Koregaon Park,143.12
1223,3,3,1,22,Unfurnished,Mid (5-10),Pune - Viman Nagar,96.4
1064,3,2,3,7,Semi-Furnished,Low (1-4),Chennai - OMR,103.75
350,1,1,2,31,Unfurnished,Low (1-4),Chennai - Adyar,53.14
1043,3,2,1,13,Fully Furnished,Low (1-4),Mumbai - Andheri,189.17
1202,3,3,2,26,Fully Furnished,Mid (5-10),Bengaluru - Whitefield,143.81
1629,4,3,0,24,Unfurnished,Ground,Mumbai - Bandra,222.92
694,1,1,1,12,Semi-Furnished,Low (1-4),Hyderabad - Gachibowli,58.95
1092,3,3,1,20,Unfurnished,Mid (5-10),Bengaluru - Whitefield,113.02
1167,3,3,1,30,Semi-Furnished,Mid (5-10),Kolkata - New Town,87.66
1426,3,2,2,4,Semi-Furnished,Mid (5-10),Gurgaon - DLF Phase,169.56
724,1,1,3,12,Semi-Furnished,High (11+),Mumbai - Andheri,129.99
1285,3,3,1,27,Semi-Furnished,Ground,Mumbai - Thane,106.67
1154,3,2,1,24,Unfurnished,Low (1-4),Chennai - Adyar,89.74
1114,3,2,3,34,Semi-Furnished,Low (1-4),Hyderabad - Banjara Hills,109.02
868,3,3,1,6,Unfurnished,Ground,Mumbai - Andheri,133.08
1033,3,2,1,31,Semi-Furnished,Low (1-4),Mumbai - Andheri,111.99
1618,4,4,1,2,Semi-Furnished,Low (1-4),Pune - Hinjewadi,137.68
767,2,2,3,21,Semi-Furnished,Mid (5-10),Mumbai - Andheri,129.81
1712,4,4,1,7,Unfurnished,Mid (5-10),Chennai - OMR,128.69
1164,3,2,2,16,Semi-Furnished,Low (1-4),Pune - Hinjewadi,96.0
350,1,1,2,26,Semi-Furnished,Mid (5-10),Mumbai - Andheri,79.33
461,1,1,1,32,Unfurnished,Low (1-4),Mumbai - Andheri,48.79
1250,2,2,1,16,Semi-Furnished,Low (1-4),Kochi - Marine Drive,105.11
1542,4,4,2,11,Fully Furnished,Mid (5-10),Bengaluru - Koramangala,218.1
1224,3,2,1,26,Fully Furnished,Ground,Gurgaon - DLF Phase,143.93
1752,4,3,2,7,Semi-Furnished,Ground,Chennai - OMR,136.98
1097,3,3,3,22,Semi-Furnished,Low (1-4),Jaipur - Malviya Nagar,88.13
1429,3,2,2,28,Unfurnished,High (11+),Kochi - Marine Drive,117.08
515,2,1,2,19,Fully Furnished,Mid (5-10),Chennai - Adyar,84.6
726,2,2,2,15,Unfurnished,Ground,Bengaluru - Koramangala,97.8
1143,3,3,2,16,Fully Furnished,High (11+),Mumbai - Andheri,193.46
427,1,1,1,15,Semi-Furnished,Mid (5-10),Chennai - Adyar,65.13
445,2,1,0,18,Semi-Furnished,Mid (5-10),Hyderabad - Gachibowli,56.88
1443,3,2,1,7,Fully Furnished,High (11+),Bengaluru - Koramangala,200.24
1674,4,4,2,28,Unfurnished,Low (1-4),Ahmedabad - SG Highway,97.26
2202,5,4,1,25,Semi-Furnished,Low (1-4),Mumbai - Andheri,224.6
2290,5,5,2,30,Semi-Furnished,Mid (5-10),Bengaluru - Whitefield,206.02
1066,3,3,1,11,Unfurnished,Mid (5-10),Mumbai - Bandra,194.49
751,3,2,2,16,Semi-Furnished,Mid (5-10),Bengaluru - Whitefield,109.75
1406,3,2,1,14,Semi-Furnished,Mid (5-10),Mumbai - Bandra,206.16
1548,4,4,2,8,Semi-Furnished,High (11+),Mumbai - Andheri,223.84
596,2,2,1,11,Unfurnished,High (11+),Mumbai - Andheri,114.28
1303,3,3,1,31,Fully Furnished,High (11+),Pune - Koregaon Park,139.72
2043,4,4,1,24,Unfurnished,High (11+),Pune - Viman Nagar,138.66
1180,3,3,2,17,Unfurnished,High (11+),Hyderabad - Gachibowli,137.75
1371,3,3,1,14,Unfurnished,Ground,Jaipur - Malviya Nagar,80.23
1022,3,2,1,31,Unfurnished,Low (1-4),Bengaluru - Koramangala,100.06
496,2,2,3,5,Unfurnished,Low (1-4),Noida - Sector 62,69.6
1364,3,2,2,34,Fully Furnished,High (11+),Kolkata - New Town,109.9
898,2,1,3,33,Semi-Furnished,Mid (5-10),Delhi - South Delhi,115.78
350,1,1,1,4,Unfurnished,Mid (5-10),Jaipur - Malviya Nagar,43.66
707,1,1,1,17,Unfurnished,Ground,Mumbai - Bandra,116.9
1282,4,3,2,15,Semi-Furnished,Low (1-4),Jaipur - Malviya Nagar,97.55
578,2,2,1,7,Fully Furnished,Mid (5-10),Mumbai - Bandra,132.87
1102,3,2,2,24,Unfurnished,Low (1-4),Kolkata - New Town,79.76
735,2,1,1,31,Unfurnished,Low (1-4),Bengaluru - Sarjapur,64.4
2263,5,4,1,25,Unfurnished,Low (1-4),Kochi - Marine Drive,152.69
808,2,1,1,21,Unfurnished,Low (1-4),Mumbai - Andheri,91.96
1165,3,3,1,30,Unfurnished,Mid (5-10),Hyderabad - Gachibowli,120.06
1371,4,4,0,9,Semi-Furnished,Low (1-4),Jaipur - Malviya Nagar,98.69
1795,4,4,0,11,Unfurnished,Mid (5-10),Bengaluru - Sarjapur,133.24
595,2,2,3,27,Semi-Furnished,Ground,Pune - Koregaon Park,78.61
1370,4,4,1,5,Unfurnished,High (11+),Pune - Hinjewadi,121.34
1127,3,3,2,19,Fully Furnished,Low (1-4),Bengaluru - Whitefield,146.75
1229,3,2,2,4,Fully Furnished,Mid (5-10),Hyderabad - Banjara Hills,145.91
670,2,2,1,22,Semi-Furnished,Mid (5-10),Hyderabad - Gachibowli,76.36
527,1,1,1,8,Semi-Furnished,Low (1-4),Ahmedabad - SG Highway,59.84
1149,3,3,2,28,Semi-Furnished,High (11+),Mumbai - Bandra,214.41
1389,3,3,2,15,Semi-Furnished,Mid (5-10),Noida - Sector 62,109.91
1290,3,3,2,21,Semi-Furnished,Low (1-4),Jaipur - Malviya Nagar,99.01
1522,3,3,2,7,Semi-Furnished,Low (1-4),Kolkata - New Town,121.79
1520,4,4,3,19,Fully Furnished,High (11+),Bengaluru - Whitefield,194.78
951,2,2,1,13,Fully Furnished,Mid (5-10),Hyderabad - Banjara Hills,142.14
878,3,2,1,33,Semi-Furnished,Low (1-4),Noida - Sector 62,89.09
1320,2,1,2,10,Semi-Furnished,Low (1-4),Delhi - South Delhi,165.82
1742,4,3,0,32,Unfurnished,High (11+),Bengaluru - Whitefield,148.39
1146,3,3,2,30,Unfurnished,Mid (5-10),Gurgaon - DLF Phase,146.6
1953,5,4,0,33,Semi-Furnished,Mid (5-10),Hyderabad - Gachibowli,172.72
355,1,1,1,6,Unfurnished,Low (1-4),Mumbai - Andheri,67.28
731,1,1,2,22,Fully Furnished,Mid (5-10),Kochi - Marine Drive,83.64
961,2,1,1,6,Unfurnished,Low (1-4),Kochi - Marine Drive,93.16
720,2,2,1,24,Semi-Furnished,Low (1-4),Pune - Hinjewadi,58.62
577,2,1,1,2,Semi-Furnished,Mid (5-10),Bengaluru - Sarjapur,80.37
1815,4,3,2,19,Semi-Furnished,High (11+),Noida - Sector 62,144.6
950,2,2,1,33,Semi-Furnished,Low (1-4),Chennai - OMR,68.1
927,2,1,2,29,Fully Furnished,Low (1-4),Pune - Hinjewadi,80.77
1584,4,4,0,16,Semi-Furnished,Mid (5-10),Mumbai - Thane,147.46
1146,3,2,2,9,Semi-Furnished,Mid (5-10),Ahmedabad - SG Highway,100.1
1903,4,4,2,34,Unfurnished,High (11+),Chennai - OMR,139.07
720,1,1,1,19,Semi-Furnished,Mid (5-10),Jaipur - Malviya Nagar,46.35
1315,3,3,1,17,Fully Furnished,Ground,Pune - Viman Nagar,122.07
574,1,1,1,26,Semi-Furnished,High (11+),Hyderabad - Banjara Hills,73.98
442,1,1,2,22,Fully Furnished,Mid (5-10),Bengaluru - Koramangala,91.67
1353,4,3,1,31,Semi-Furnished,High (11+),Ahmedabad - SG Highway,102.08
623,2,1,2,9,Unfurnished,Mid (5-10),Kolkata - Salt Lake,62.68
1406,3,2,1,10,Unfurnished,High (11+),Mumbai - Bandra,233.93
1429,3,2,1,5,Semi-Furnished,Ground,Mumbai - Bandra,241.46
989,2,2,0,33,Semi-Furnished,Low (1-4),Bengaluru - Koramangala,111.73
1662,4,4,1,16,Fully Furnished,High (11+),Chennai - OMR,164.18
596,1,1,1,11,Unfurnished,Low (1-4),Kochi - Marine Drive,60.87
1189,3,3,2,20,Semi-Furnished,Ground,Mumbai - Thane,119.34
2111,5,5,2,18,Semi-Furnished,Mid (5-10),Hyderabad - Banjara Hills,205.33
1163,3,3,1,2,Semi-Furnished,High (11+),Bengaluru - Koramangala,175.93
1809,5,5,3,17,Unfurnished,Low (1-4),Jaipur - Malviya Nagar,115.68
555,1,1,2,18,Unfurnished,High (11+),Kolkata - Salt Lake,59.45
1429,3,3,3,5,Unfurnished,Mid (5-10),Kolkata - Salt Lake,128.71
1245,2,2,1,15,Unfurnished,Mid (5-10),Bengaluru - Whitefield,111.29
1647,4,3,1,7,Unfurnished,High (11+),Bengaluru - Koramangala,188.42
1811,5,4,0,17,Unfurnished,Low (1-4),Delhi - Dwarka,149.87
740,2,1,2,11,Semi-Furnished,Low (1-4),Mumbai - Bandra,149.11
1175,3,3,1,9,Semi-Furnished,Low (1-4),Kolkata - Salt Lake,113.84
826,2,2,1,6,Fully Furnished,Mid (5-10),Chennai - OMR,89.16
1284,3,2,1,0,Unfurnished,Mid (5-10),Kochi - Marine Drive,100.11
1265,3,3,1,20,Semi-Furnished,High (11+),Kochi - Marine Drive,141.99
2139,5,5,2,23,Semi-Furnished,Mid (5-10),Hyderabad - Gachibowli,200.16
1235,3,3,1,24,Unfurnished,Mid (5-10),Chennai - Adyar,117.67
399,2,2,1,6,Fully Furnished,Mid (5-10),Jaipur - Malviya Nagar,74.12
840,2,2,2,16,Unfurnished,Low (1-4),Kolkata - Salt Lake,76.35
815,2,2,3,28,Fully Furnished,Ground,Delhi - Dwarka,117.61
899,2,1,2,29,Fully Furnished,High (11+),Bengaluru - Whitefield,121.93
734,2,2,3,6,Semi-Furnished,Ground,Mumbai - Thane,83.22
1640,4,4,2,32,Semi-Furnished,Low (1-4),Jaipur - Malviya Nagar,110.04
1300,3,2,1,6,Semi-Furnished,Mid (5-10),Hyderabad - Banjara Hills,169.4
1171,3,3,1,23,Semi-Furnished,Low (1-4),Delhi - Dwarka,115.99
921,2,2,2,10,Semi-Furnished,High (11+),Pune - Koregaon Park,105.93
1612,4,3,2,8,Unfurnished,Low (1-4),Hyderabad - Banjara Hills,155.74
1228,3,3,2,11,Unfurnished,Ground,Gurgaon - DLF Phase,141.75
350,1,1,1,34,Semi-Furnished,Low (1-4),Mumbai - Andheri,61.21
994,3,3,1,3,Semi-Furnished,Mid (5-10),Pune - Koregaon Park,110.4
994,3,3,1,27,Fully Furnished,Low (1-4),Bengaluru - Sarjapur,111.49
438,1,1,1,12,Unfurnished,Mid (5-10),Chennai - Adyar,61.63
1428,3,2,1,22,Fully Furnished,High (11+),Bengaluru - Sarjapur,138.7
1178,3,3,2,18,Unfurnished,High (11+),Kolkata - Salt Lake,98.59
952,2,2,1,23,Semi-Furnished,Low (1-4),Hyderabad - Gachibowli,95.04
2116,5,5,0,15,Semi-Furnished,Low (1-4),Hyderabad - Gachibowli,194.26
1625,4,4,1,32,Semi-Furnished,Mid (5-10),Kolkata - New Town,112.54
1303,3,3,2,11,Unfurnished,High (11+),Bengaluru - Koramangala,147.53
1244,3,3,1,33,Semi-Furnished,High (11+),Mumbai - Thane,114.23
1174,3,3,1,6,Fully Furnished,Low (1-4),Mumbai - Bandra,251.2
1270,3,3,1,10,Semi-Furnished,Mid (5-10),Chennai - Adyar,141.33
1460,3,3,1,30,Semi-Furnished,Low (1-4),Hyderabad - Banjara Hills,128.84
485,1,1,3,28,Fully Furnished,Ground,Pune - Hinjewadi,59.85
1239,3,2,3,12,Semi-Furnished,Ground,Delhi - South Delhi,201.75
1442,4,4,1,30,Semi-Furnished,Low (1-4),Mumbai - Thane,130.98
1454,3,3,1,1,Unfurnished,Low (1-4),Mumbai - Bandra,198.3
350,1,1,2,14,Fully Furnished,Ground,Gurgaon - DLF Phase,75.14
1292,4,3,0,10,Semi-Furnished,Mid (5-10),Hyderabad - Gachibowli,138.17
866,2,2,1,33,Unfurnished,Low (1-4),Bengaluru - Koramangala,85.49
641,2,1,1,3,Unfurnished,Mid (5-10),Bengaluru - Koramangala,107.02
996,2,1,3,10,Fully Furnished,Low (1-4),Ahmedabad - SG Highway,83.78
496,2,1,0,28,Unfurnished,Low (1-4),Gurgaon - DLF Phase,62.65
1773,4,4,1,1,Fully Furnished,Low (1-4),Bengaluru - Sarjapur,177.33
1347,3,3,2,15,Unfurnished,Low (1-4),Chennai - Adyar,135.25
821,2,1,1,12,Fully Furnished,Mid (5-10),Bengaluru - Koramangala,130.27
1222,4,3,0,16,Semi-Furnished,Low (1-4),Hyderabad - Banjara Hills,141.13
1289,4,3,3,20,Semi-Furnished,Mid (5-10),Kolkata - Salt Lake,119.37
1643,4,4,1,18,Fully Furnished,Low (1-4),Jaipur - Malviya Nagar,124.67
758,2,2,2,6,Semi-Furnished,Mid (5-10),Mumbai - Thane,96.58
1330,3,3,1,7,Semi-Furnished,Mid (5-10),Ahmedabad - SG Highway,99.12
1987,5,4,1,12,Unfurnished,Ground,Bengaluru - Whitefield,164.75
1572,4,4,1,1,Unfurnished,Low (1-4),Delhi - Dwarka,160.51
350,1,1,0,10,Unfurnished,Ground,Bengaluru - Whitefield,47.59
548,1,1,0,23,Semi-Furnished,Mid (5-10),Kochi - Marine Drive,62.7
1083,3,3,2,5,Unfurnished,Low (1-4),Bengaluru - Whitefield,122.55
1528,4,3,1,25,Unfurnished,Mid (5-10),Gurgaon - DLF Phase,144.0
1007,3,3,1,6,Semi-Furnished,Mid (5-10),Pune - Koregaon Park,137.9
922,3,3,1,18,Semi-Furnished,High (11+),Delhi - Dwarka,131.79
1064,2,2,2,5,Semi-Furnished,Mid (5-10),Mumbai - Andheri,169.15
1343,3,2,0,28,Unfurnished,Mid (5-10),Mumbai - Thane,103.47
1746,4,4,1,1,Unfurnished,Low (1-4),Mumbai - Thane,130.74
1161,3,3,0,18,Fully Furnished,High (11+),Mumbai - Thane,143.4
1287,4,3,0,3,Unfurnished,Mid (5-10),Mumbai - Thane,123.87
2378,5,5,0,5,Fully Furnished,Low (1-4),Pune - Koregaon Park,240.11
876,2,2,2,27,Fully Furnished,High (11+),Delhi - South Delhi,172.92
1224,3,3,0,29,Fully Furnished,Low (1-4),Gurgaon - DLF Phase,169.8
735,2,2,0,6,Unfurnished,High (11+),Ahmedabad - SG Highway,61.87
1231,4,4,1,8,Fully Furnished,High (11+),Bengaluru - Whitefield,172.79
1405,3,3,2,24,Fully Furnished,Low (1-4),Pune - Koregaon Park,141.46
1009,3,3,1,32,Semi-Furnished,Mid (5-10),Delhi - South Delhi,144.61
1698,4,4,1,0,Semi-Furnished,Low (1-4),Delhi - South Delhi,240.46
1338,3,2,0,5,Unfurnished,Low (1-4),Mumbai - Bandra,168.54
1660,4,4,1,17,Unfurnished,Low (1-4),Mumbai - Thane,137.71
1284,3,3,1,9,Semi-Furnished,Mid (5-10),Noida - Sector 62,128.65
1042,2,2,1,27,Semi-Furnished,Low (1-4),Delhi - South Delhi,168.04
1057,3,3,1,10,Semi-Furnished,Ground,Mumbai - Andheri,139.92
1629,4,4,1,32,Semi-Furnished,Mid (5-10),Mumbai - Andheri,194.96
759,2,2,0,0,Semi-Furnished,Low (1-4),Bengaluru - Whitefield,110.14
1268,4,3,1,12,Semi-Furnished,Ground,Delhi - South Delhi,196.89
1651,4,4,0,19,Fully Furnished,Low (1-4),Gurgaon - DLF Phase,202.95
1025,2,1,2,0,Unfurnished,Low (1-4),Bengaluru - Sarjapur,91.33
2247,5,4,3,2,Semi-Furnished,Low (1-4),Pune - Hinjewadi,178.2
1134,2,2,3,17,Unfurnished,Ground,Mumbai - Bandra,151.67
480,2,2,2,13,Semi-Furnished,High (11+),Chennai - OMR,76.51
1093,2,2,2,30,Semi-Furnished,Mid (5-10),Hyderabad - Banjara Hills,121.55
1633,4,3,2,26,Fully Furnished,Low (1-4),Mumbai - Andheri,218.82
1488,3,3,1,16,Unfurnished,Low (1-4),Kolkata - New Town,100.24
728,2,2,2,28,Fully Furnished,Low (1-4),Ahmedabad - SG Highway,69.73
1104,3,3,1,25,Unfurnished,Mid (5-10),Mumbai - Bandra,167.59
981,3,2,1,16,Semi-Furnished,Ground,Noida - Sector 62,85.11
539,1,1,2,21,Unfurnished,Low (1-4),Chennai - OMR,40.08
1692,4,4,1,24,Fully Furnished,High (11+),Pune - Viman Nagar,171.87
1398,4,3,1,1,Semi-Furnished,Low (1-4),Delhi - South Delhi,233.45
810,3,3,3,21,Semi-Furnished,Low (1-4),Delhi - South Delhi,152.79
2074,5,5,0,4,Fully Furnished,High (11+),Gurgaon - DLF Phase,268.89
1295,3,2,1,3,Unfurnished,Mid (5-10),Bengaluru - Whitefield,122.93
1822,5,5,3,5,Unfurnished,Low (1-4),Hyderabad - Banjara Hills,196.38
986,3,3,2,20,Fully Furnished,Mid (5-10),Gurgaon - DLF Phase,159.95
1318,3,3,1,12,Semi-Furnished,Ground,Bengaluru - Whitefield,143.5
1134,2,1,1,24,Unfurnished,Mid (5-10),Pune - Viman Nagar,91.77
1510,4,3,1,25,Semi-Furnished,Low (1-4),Mumbai - Bandra,243.48
1041,3,3,2,19,Semi-Furnished,High (11+),Delhi - Dwarka,136.54
853,2,1,1,32,Unfurnished,High (11+),Pune - Hinjewadi,54.66
514,1,1,1,13,Unfurnished,High (11+),Kolkata - New Town,60.8
1134,3,3,0,16,Unfurnished,High (11+),Bengaluru - Sarjapur,101.52
1564,3,3,0,20,Semi-Furnished,Mid (5-10),Bengaluru - Sarjapur,131.1
1362,3,3,3,15,Fully Furnished,Low (1-4),Mumbai - Andheri,213.13
1531,4,4,1,15,Fully Furnished,Low (1-4),Bengaluru - Whitefield,177.85
350,1,1,2,19,Semi-Furnished,Mid (5-10),Bengaluru - Sarjapur,65.54
1837,4,4,0,28,Unfurnished,High (11+),Delhi - Dwarka,164.79
1014,2,2,2,27,Fully Furnished,Low (1-4),Delhi - Dwarka,128.14
1545,4,4,3,7,Semi-Furnished,High (11+),Bengaluru - Koramangala,229.72
1663,4,4,1,23,Unfurnished,High (11+),Mumbai - Bandra,247.67
1172,3,2,1,2,Fully Furnished,High (11+),Noida - Sector 62,127.4
1293,3,3,1,24,Fully Furnished,High (11+),Delhi - South Delhi,218.87
615,2,2,2,18,Semi-Furnished,Low (1-4),Gurgaon - DLF Phase,87.66
989,3,2,1,32,Semi-Furnished,Ground,Mumbai - Andheri,109.44
1745,4,4,2,1,Unfurnished,Ground,Kolkata - New Town,120.77
1368,3,3,2,14,Unfurnished,Low (1-4),Hyderabad - Banjara Hills,128.49
1111,3,3,2,21,Semi-Furnished,Mid (5-10),Pune - Hinjewadi,96.75
1065,3,3,2,9,Unfurnished,High (11+),Chennai - Adyar,120.9
1806,4,3,1,17,Semi-Furnished,High (11+),Bengaluru - Sarjapur,155.0
671,2,1,1,21,Fully Furnished,Mid (5-10),Mumbai - Andheri,113.92
809,2,2,1,26,Fully Furnished,Ground,Bengaluru - Sarjapur,79.72
1187,3,2,3,12,Semi-Furnished,Low (1-4),Hyderabad - Gachibowli,114.13
1335,4,4,2,32,Fully Furnished,Ground,Pune - Viman Nagar,126.6
834,2,2,2,4,Fully Furnished,Low (1-4),Bengaluru - Koramangala,135.54
816,2,2,1,25,Semi-Furnished,Mid (5-10),Mumbai - Thane,79.53
864,2,2,1,12,Unfurnished,Ground,Noida - Sector 62,73.4
828,2,2,2,26,Unfurnished,Low (1-4),Gurgaon - DLF Phase,104.79
1584,3,3,1,13,Semi-Furnished,Low (1-4),Pune - Koregaon Park,134.75
1809,4,3,1,23,Unfurnished,Mid (5-10),Hyderabad - Gachibowli,155.08
1206,3,3,2,2,Unfurnished,Low (1-4),Gurgaon - DLF Phase,141.89
1223,3,3,0,29,Unfurnished,Low (1-4),Kochi - Marine Drive,88.0
1517,3,3,1,34,Semi-Furnished,Low (1-4),Hyderabad - Banjara Hills,134.81
1755,4,4,1,13,Fully Furnished,High (11+),Delhi - Dwarka,213.87
978,3,3,1,11,Unfurnished,Low (1-4),Mumbai - Andheri,155.13
2170,5,5,3,27,Semi-Furnished,Mid (5-10),Mumbai - Thane,181.55
1423,3,2,1,28,Semi-Furnished,Mid (5-10),Delhi - Dwarka,115.51
1091,2,2,1,16,Unfurnished,Mid (5-10),Mumbai - Thane,96.1
1127,3,3,1,20,Fully Furnished,High (11+),Delhi - South Delhi,218.2
714,2,2,2,22,Semi-Furnished,Low (1-4),Noida - Sector 62,72.64
1030,3,3,1,19,Semi-Furnished,Low (1-4),Delhi - South Delhi,174.45
455,1,1,1,10,Fully Furnished,Ground,Ahmedabad - SG Highway,44.55
931,2,1,0,33,Unfurnished,Mid (5-10),Mumbai - Andheri,84.44
1507,4,4,0,9,Semi-Furnished,Low (1-4),Bengaluru - Sarjapur,139.86
774,2,2,1,9,Unfurnished,Low (1-4),Bengaluru - Koramangala,122.68
1230,4,4,2,5,Fully Furnished,Mid (5-10),Kochi - Marine Drive,163.76
1071,2,2,2,23,Semi-Furnished,Mid (5-10),Mumbai - Andheri,148.64
918,3,3,0,11,Semi-Furnished,Ground,Bengaluru - Koramangala,117.25
1267,3,2,1,22,Unfurnished,Mid (5-10),Jaipur - Malviya Nagar,80.67
1242,3,3,3,26,Semi-Furnished,Mid (5-10),Kolkata - Salt Lake,104.73
808,2,1,1,5,Fully Furnished,Low (1-4),Chennai - OMR,101.26
812,2,2,2,0,Semi-Furnished,Low (1-4),Delhi - Dwarka,104.94
350,1,1,1,5,Semi-Furnished,Mid (5-10),Mumbai - Thane,56.61
740,2,2,3,21,Semi-Furnished,Mid (5-10),Pune - Koregaon Park,84.75
1374,3,2,2,23,Fully Furnished,Low (1-4),Ahmedabad - SG Highway,105.63
2227,5,5,3,24,Semi-Furnished,Low (1-4),Hyderabad - Gachibowli,197.88
1524,4,3,2,14,Fully Furnished,Mid (5-10),Hyderabad - Gachibowli,187.75
1319,4,4,1,25,Fully Furnished,High (11+),Noida - Sector 62,142.17
1459,4,4,3,7,Semi-Furnished,Mid (5-10),Chennai - Adyar,173.19
1533,3,3,1,23,Unfurnished,Ground,Delhi - South Delhi,180.95
670,2,1,1,5,Semi-Furnished,Low (1-4),Noida - Sector 62,63.54
1582,4,4,2,34,Fully Furnished,High (11+),Bengaluru - Koramangala,211.51
1454,3,2,2,0,Unfurnished,Ground,Bengaluru - Sarjapur,115.58
1105,3,3,3,11,Semi-Furnished,High (11+),Delhi - Dwarka,139.17
770,2,2,1,10,Fully Furnished,High (11+),Mumbai - Andheri,162.12
1343,3,3,2,11,Semi-Furnished,Ground,Hyderabad - Banjara Hills,168.38
1508,3,2,2,6,Semi-Furnished,High (11+),Noida - Sector 62,127.56
1483,4,3,0,10,Unfurnished,Low (1-4),Hyderabad - Gachibowli,122.11
1450,3,2,1,30,Unfurnished,High (11+),Mumbai - Thane,110.97
1149,3,3,1,32,Fully Furnished,Low (1-4),Bengaluru - Whitefield,122.27
1840,5,5,1,12,Unfurnished,Low (1-4),Bengaluru - Sarjapur,152.35
844,2,1,3,17,Unfurnished,Mid (5-10),Mumbai - Bandra,132.11
991,3,3,2,23,Fully Furnished,Mid (5-10),Gurgaon - DLF Phase,158.7
484,1,1,2,8,Semi-Furnished,Ground,Mumbai - Thane,80.38
2166,4,3,3,30,Fully Furnished,Mid (5-10),Mumbai - Bandra,311.37
1799,4,3,1,9,Fully Furnished,Low (1-4),Kochi - Marine Drive,159.76
781,2,1,2,1,Unfurnished,Low (1-4),Noida - Sector 62,71.57
1789,4,4,1,14,Unfurnished,Low (1-4),Chennai - OMR,127.61
632,2,2,2,2,Semi-Furnished,Low (1-4),Delhi - Dwarka,110.9
1462,4,3,1,30,Semi-Furnished,Low (1-4),Pune - Hinjewadi,112.6
1586,4,4,3,5,Unfurnished,Ground,Chennai - Adyar,142.54
1615,4,3,1,2,Semi-Furnished,Ground,Hyderabad - Banjara Hills,165.66
350,1,1,1,10,Unfurnished,Ground,Bengaluru - Whitefield,47.13
1944,5,5,2,14,Fully Furnished,Low (1-4),Bengaluru - Koramangala,264.35
1173,3,2,1,27,Unfurnished,High (11+),Gurgaon - DLF Phase,126.32
1077,2,2,2,9,Unfurnished,Ground,Ahmedabad - SG Highway,65.05
1367,4,4,1,6,Unfurnished,High (11+),Kolkata - Salt Lake,122.49
550,2,2,2,14,Fully Furnished,Mid (5-10),Jaipur - Malviya Nagar,73.81
1631,4,4,1,17,Semi-Furnished,Mid (5-10),Mumbai - Thane,148.91
1007,2,2,0,17,Fully Furnished,Mid (5-10),Pune - Viman Nagar,98.56
1299,3,3,1,23,Semi-Furnished,High (11+),Jaipur - Malviya Nagar,105.95
1254,3,2,1,1,Semi-Furnished,Ground,Delhi - South Delhi,208.22
350,1,1,1,19,Unfurnished,Mid (5-10),Mumbai - Bandra,56.59
921,2,2,1,33,Semi-Furnished,Mid (5-10),Pune - Viman Nagar,80.34
548,1,1,1,25,Semi-Furnished,Mid (5-10),Hyderabad - Gachibowli,86.7
1153,3,2,0,6,Semi-Furnished,High (11+),Kolkata - Salt Lake,113.67
629,2,2,1,29,Unfurnished,Ground,Mumbai - Thane,60.0
1030,3,3,2,4,Fully Furnished,Mid (5-10),Chennai - OMR,133.5
958,2,2,1,10,Unfurnished,Mid (5-10),Delhi - South Delhi,145.85
522,2,2,1,0,Fully Furnished,Low (1-4),Mumbai - Thane,99.82
1901,4,4,2,33,Unfurnished,Low (1-4),Mumbai - Thane,137.92
350,1,1,1,0,Semi-Furnished,Mid (5-10),Chennai - OMR,59.72
1655,4,4,2,18,Semi-Furnished,High (11+),Pune - Koregaon Park,179.16
1726,4,4,1,1,Semi-Furnished,Low (1-4),Bengaluru - Sarjapur,164.62
1076,3,3,1,20,Semi-Furnished,High (11+),Gurgaon - DLF Phase,141.74
1117,3,3,0,19,Semi-Furnished,Low (1-4),Kolkata - New Town,84.0
1623,4,3,2,22,Semi-Furnished,Ground,Bengaluru - Koramangala,160.1
646,2,1,2,20,Semi-Furnished,Ground,Chennai - OMR,60.44
350,1,1,0,23,Semi-Furnished,Ground,Bengaluru - Whitefield,54.97
623,2,2,1,3,Fully Furnished,Low (1-4),Bengaluru - Koramangala,132.43
1817,4,3,3,11,Unfurnished,Low (1-4),Bengaluru - Whitefield,153.76
471,1,1,1,21,Semi-Furnished,Mid (5-10),Noida - Sector 62,37.43
1057,3,2,1,19,Semi-Furnished,Mid (5-10),Pune - Viman Nagar,99.68
2157,5,5,3,17,Semi-Furnished,Ground,Bengaluru - Sarjapur,184.11
1467,4,4,2,0,Semi-Furnished,Low (1-4),Delhi - Dwarka,170.31
848,3,3,1,29,Semi-Furnished,Low (1-4),Ahmedabad - SG Highway,62.64
525,1,1,2,32,Unfurnished,Mid (5-10),Bengaluru - Koramangala,62.9
1896,4,4,2,23,Unfurnished,Ground,Hyderabad - Gachibowli,144.33
1300,3,3,1,13,Unfurnished,Ground,Ahmedabad - SG Highway,89.25
460,2,1,1,4,Semi-Furnished,High (11+),Hyderabad - Banjara Hills,91.14
395,1,1,1,10,Semi-Furnished,High (11+),Mumbai - Andheri,101.28
1550,4,3,3,23,Fully Furnished,Low (1-4),Jaipur - Malviya Nagar,127.04
1268,3,3,2,30,Semi-Furnished,Low (1-4),Hyderabad - Banjara Hills,125.7
1447,4,3,0,12,Unfurnished,Low (1-4),Gurgaon - DLF Phase,161.75
1539,4,4,2,15,Fully Furnished,Mid (5-10),Mumbai - Thane,176.39
944,3,3,1,23,Fully Furnished,Mid (5-10),Chennai - OMR,92.28
1239,3,3,0,12,Semi-Furnished,Ground,Hyderabad - Banjara Hills,148.32
951,3,3,1,23,Semi-Furnished,Mid (5-10),Bengaluru - Sarjapur,100.27
878,2,2,1,25,Fully Furnished,Low (1-4),Kolkata - New Town,62.79
1064,3,2,2,1,Semi-Furnished,Low (1-4),Chennai - Adyar,127.78
1034,4,4,1,15,Fully Furnished,Low (1-4),Mumbai - Thane,126.8
1342,3,2,2,0,Unfurnished,Low (1-4),Noida - Sector 62,100.61
1688,4,4,1,10,Unfurnished,Low (1-4),Delhi - Dwarka,153.76
1443,3,3,0,34,Semi-Furnished,Low (1-4),Pune - Viman Nagar,104.1
823,3,3,3,28,Semi-Furnished,Low (1-4),Mumbai - Bandra,169.44
1082,3,3,1,16,Fully Furnished,Ground,Hyderabad - Gachibowli,121.26
1223,3,3,1,27,Fully Furnished,Mid (5-10),Chennai - Adyar,151.64
1302,3,3,1,28,Semi-Furnished,Low (1-4),Kolkata - New Town,87.92
536,2,2,2,2,Unfurnished,Ground,Gurgaon - DLF Phase,102.92
1277,3,3,1,9,Fully Furnished,Mid (5-10),Chennai - OMR,117.55
697,2,2,1,13,Semi-Furnished,Mid (5-10),Mumbai - Andheri,126.49
866,3,2,1,11,Unfurnished,High (11+),Kolkata - Salt Lake,99.08
1064,3,3,1,29,Semi-Furnished,Low (1-4),Mumbai - Thane,100.69
1292,3,2,2,31,Semi-Furnished,Low (1-4),Bengaluru - Koramangala,147.69
1673,5,4,1,31,Fully Furnished,Mid (5-10),Chennai - OMR,142.61
1314,3,2,1,31,Semi-Furnished,Mid (5-10),Mumbai - Thane,108.1
1651,4,3,1,25,Semi-Furnished,Low (1-4),Delhi - Dwarka,170.76
1154,3,3,1,0,Fully Furnished,High (11+),Pune - Viman Nagar,148.53
905,3,2,3,1,Semi-Furnished,Ground,Pune - Viman Nagar,105.94
350,1,1,1,16,Semi-Furnished,High (11+),Pune - Koregaon Park,43.9
728,2,2,3,29,Unfurnished,High (11+),Pune - Hinjewadi,63.19
997,3,3,1,6,Semi-Furnished,Mid (5-10),Bengaluru - Sarjapur,128.48
1139,3,3,1,26,Unfurnished,High (11+),Delhi - Dwarka,121.29
563,1,1,2,8,Unfurnished,Mid (5-10),Gurgaon - DLF Phase,90.54
750,2,1,1,21,Semi-Furnished,Low (1-4),Delhi - South Delhi,121.13
745,2,2,2,33,Unfurnished,Low (1-4),Ahmedabad - SG Highway,50.72
1946,5,5,3,0,Semi-Furnished,Ground,Hyderabad - Gachibowli,192.09
982,2,2,0,8,Unfurnished,Low (1-4),Bengaluru - Koramangala,99.43
1432,3,3,0,19,Semi-Furnished,Mid (5-10),Bengaluru - Whitefield,124.37
875,2,1,2,18,Unfurnished,Low (1-4),Jaipur - Malviya Nagar,55.48
1224,3,3,1,3,Unfurnished,Low (1-4),Mumbai - Thane,115.17
841,2,2,1,8,Unfurnished,Mid (5-10),Hyderabad - Gachibowli,78.27
1057,2,2,0,21,Fully Furnished,High (11+),Bengaluru - Sarjapur,108.64
1285,3,2,0,17,Fully Furnished,Ground,Hyderabad - Banjara Hills,130.95
674,1,1,2,11,Unfurnished,Low (1-4),Mumbai - Bandra,109.67
350,1,1,1,8,Fully Furnished,Low (1-4),Kolkata - New Town,63.04
559,2,2,1,5,Semi-Furnished,Mid (5-10),Ahmedabad - SG Highway,66.89
350,1,1,2,18,Fully Furnished,Ground,Hyderabad - Gachibowli,54.04
698,2,2,1,6,Semi-Furnished,Mid (5-10),Pune - Hinjewadi,78.59
1088,2,2,0,15,Semi-Furnished,Low (1-4),Ahmedabad - SG Highway,66.61
1732,4,4,2,4,Unfurnished,Low (1-4),Pune - Hinjewadi,127.91
1085,3,2,0,15,Semi-Furnished,High (11+),Mumbai - Thane,121.11
1345,3,2,2,0,Fully Furnished,Ground,Hyderabad - Gachibowli,152.14
776,2,1,2,18,Semi-Furnished,Low (1-4),Hyderabad - Banjara Hills,119.45
2294,5,5,1,16,Unfurnished,Ground,Bengaluru - Koramangala,197.91
1139,3,2,1,25,Unfurnished,Low (1-4),Pune - Viman Nagar,88.16
350,1,1,1,21,Semi-Furnished,Mid (5-10),Jaipur - Malviya Nagar,31.05
1166,3,3,1,7,Semi-Furnished,Low (1-4),Ahmedabad - SG Highway,93.52
740,2,2,2,32,Semi-Furnished,Ground,Bengaluru - Whitefield,80.48
558,2,2,2,1,Fully Furnished,Low (1-4),Mumbai - Andheri,164.45
1305,3,2,1,29,Unfurnished,Mid (5-10),Kochi - Marine Drive,98.29
1856,4,4,2,19,Semi-Furnished,Mid (5-10),Kolkata - Salt Lake,151.84
997,3,3,3,17,Fully Furnished,Mid (5-10),Mumbai - Thane,142.82
1375,3,3,3,9,Semi-Furnished,Mid (5-10),Ahmedabad - SG Highway,111.65
1890,5,5,1,23,Unfurnished,Low (1-4),Kolkata - New Town,133.56
795,2,2,1,3,Semi-Furnished,Low (1-4),Bengaluru - Sarjapur,96.87
776,2,2,1,3,Fully Furnished,Low (1-4),Hyderabad - Banjara Hills,133.47
1195,3,2,3,12,Unfurnished,Low (1-4),Bengaluru - Koramangala,127.03
1285,3,2,1,24,Fully Furnished,Low (1-4),Mumbai - Bandra,248.92
1015,3,3,1,12,Fully Furnished,Mid (5-10),Gurgaon - DLF Phase,153.45
1832,4,4,1,17,Unfurnished,Mid (5-10),Chennai - OMR,129.22
1290,3,3,1,23,Semi-Furnished,High (11+),Mumbai - Bandra,210.88
1350,3,2,1,1,Semi-Furnished,Low (1-4),Gurgaon - DLF Phase,150.96
659,2,2,3,32,Semi-Furnished,Mid (5-10),Bengaluru - Koramangala,92.73
1399,4,4,0,18,Fully Furnished,High (11+),Bengaluru - Sarjapur,156.15
2212,5,5,1,8,Fully Furnished,Mid (5-10),Ahmedabad - SG Highway,161.34
1391,4,4,0,27,Unfurnished,Low (1-4),Gurgaon - DLF Phase,139.89
426,1,1,1,34,Semi-Furnished,Low (1-4),Gurgaon - DLF Phase,67.94
1383,3,2,1,9,Semi-Furnished,Ground,Pune - Viman Nagar,116.21
377,1,1,1,0,Semi-Furnished,Low (1-4),Bengaluru - Whitefield,75.2
1010,2,2,1,20,Semi-Furnished,Mid (5-10),Delhi - South Delhi,141.24
351,1,1,1,8,Unfurnished,Ground,Bengaluru - Whitefield,43.24
970,3,2,0,14,Semi-Furnished,Low (1-4),Mumbai - Thane,106.73
1267,3,3,1,34,Semi-Furnished,Mid (5-10),Delhi - South Delhi,170.73
835,2,2,3,4,Unfurnished,Mid (5-10),Bengaluru - Sarjapur,93.63
1683,3,3,3,21,Fully Furnished,Low (1-4),Bengaluru - Koramangala,210.74
1029,3,2,1,22,Fully Furnished,Mid (5-10),Ahmedabad - SG Highway,96.0
1154,3,3,1,6,Semi-Furnished,Low (1-4),Gurgaon - DLF Phase,169.87
668,2,1,3,22,Unfurnished,Low (1-4),Hyderabad - Gachibowli,84.72
1174,3,2,0,24,Semi-Furnished,Low (1-4),Pune - Koregaon Park,88.33
1567,4,4,2,26,Unfurnished,Mid (5-10),Mumbai - Bandra,230.81
350,1,1,3,5,Unfurnished,High (11+),Pune - Koregaon Park,59.93
484,1,1,0,33,Semi-Furnished,Ground,Delhi - South Delhi,78.4
1161,3,3,1,8,Unfurnished,Mid (5-10),Jaipur - Malviya Nagar,84.41
2242,5,5,3,32,Unfurnished,Low (1-4),Mumbai - Thane,172.79
1083,3,2,1,5,Unfurnished,Mid (5-10),Bengaluru - Koramangala,135.66
1535,3,2,0,30,Unfurnished,Ground,Mumbai - Andheri,125.75
1249,3,3,1,33,Unfurnished,Low (1-4),Kochi - Marine Drive,88.48
1428,3,2,1,28,Fully Furnished,High (11+),Bengaluru - Sarjapur,120.88
420,1,1,2,13,Unfurnished,Mid (5-10),Hyderabad - Banjara Hills,58.83
1059,3,3,2,14,Unfurnished,Low (1-4),Mumbai - Andheri,128.3
1552,4,4,3,7,Unfurnished,Low (1-4),Pune - Viman Nagar,127.01
950,3,3,1,25,Fully Furnished,Low (1-4),Delhi - South Delhi,158.31
1579,4,3,1,20,Semi-Furnished,Low (1-4),Ahmedabad - SG Highway,111.05
1230,3,2,1,27,Semi-Furnished,High (11+),Delhi - South Delhi,184.61
808,2,2,1,3,Fully Furnished,High (11+),Delhi - South Delhi,185.99
1839,4,4,1,15,Semi-Furnished,Low (1-4),Mumbai - Bandra,295.53
373,1,1,3,21,Semi-Furnished,Low (1-4),Bengaluru - Whitefield,64.57
859,3,3,2,11,Unfurnished,High (11+),Hyderabad - Gachibowli,101.79
1437,2,1,1,15,Semi-Furnished,Low (1-4),Mumbai - Bandra,228.67
350,1,1,2,28,Semi-Furnished,Mid (5-10),Chennai - Adyar,67.07
1374,3,3,1,17,Semi-Furnished,Low (1-4),Bengaluru - Whitefield,137.69
529,2,2,1,9,Unfurnished,Mid (5-10),Bengaluru - Sarjapur,71.36
1244,3,3,2,17,Semi-Furnished,Mid (5-10),Bengaluru - Whitefield,141.9
1056,3,3,1,0,Unfurnished,High (11+),Bengaluru - Koramangala,151.39
350,1,1,3,20,Unfurnished,Mid (5-10),Hyderabad - Gachibowli,58.13
749,2,2,2,0,Semi-Furnished,Low (1-4),Mumbai - Thane,102.35
1190,3,2,1,14,Fully Furnished,Mid (5-10),Delhi - South Delhi,195.01
760,2,1,2,3,Semi-Furnished,High (11+),Kolkata - Salt Lake,77.41
1243,3,3,1,19,Semi-Furnished,Low (1-4),Jaipur - Malviya Nagar,75.37
1151,3,3,1,9,Unfurnished,Low (1-4),Bengaluru - Koramangala,149.06
1612,4,4,1,22,Unfurnished,Ground,Delhi - Dwarka,126.42
1230,3,3,1,33,Unfurnished,Low (1-4),Pune - Koregaon Park,106.38
1193,3,2,2,32,Semi-Furnished,Low (1-4),Bengaluru - Koramangala,126.46
1169,3,3,1,33,Unfurnished,Mid (5-10),Mumbai - Bandra,156.41
639,2,2,2,9,Unfurnished,Low (1-4),Mumbai - Thane,73.41
907,2,2,1,19,Fully Furnished,High (11+),Pune - Viman Nagar,103.57
1549,4,3,1,0,Unfurnished,Low (1-4),Pune - Koregaon Park,133.92
1134,3,3,2,12,Semi-Furnished,Low (1-4),Mumbai - Bandra,201.98
1692,4,4,1,0,Semi-Furnished,Low (1-4),Delhi - South Delhi,252.83
1638,4,4,1,4,Semi-Furnished,Low (1-4),Delhi - Dwarka,165.58
1474,4,3,1,15,Semi-Furnished,Low (1-4),Pune - Koregaon Park,157.86
1825,4,3,1,14,Semi-Furnished,Low (1-4),Mumbai - Bandra,246.5
985,3,3,0,27,Unfurnished,Low (1-4),Mumbai - Andheri,116.15
614,2,1,2,30,Semi-Furnished,Mid (5-10),Chennai - OMR,71.03
1320,3,2,1,22,Fully Furnished,Mid (5-10),Delhi - South Delhi,188.34
1515,3,2,1,16,Unfurnished,Low (1-4),Pune - Koregaon Park,120.87
1096,3,3,3,33,Unfurnished,Mid (5-10),Delhi - Dwarka,115.99
1274,3,3,1,12,Fully Furnished,Mid (5-10),Mumbai - Andheri,186.78
985,3,3,2,13,Semi-Furnished,Ground,Delhi - Dwarka,119.64
1032,3,2,1,10,Semi-Furnished,High (11+),Pune - Viman Nagar,113.83
1003,2,2,1,27,Semi-Furnished,High (11+),Kolkata - Salt Lake,83.71
1265,3,2,2,31,Unfurnished,Low (1-4),Kolkata - Salt Lake,94.45
1009,2,2,1,34,Semi-Furnished,Low (1-4),Bengaluru - Koramangala,115.78
1795,4,3,2,30,Semi-Furnished,Ground,Pune - Koregaon Park,143.63
423,2,1,1,16,Unfurnished,Ground,Delhi - South Delhi,97.1
584,2,2,0,8,Semi-Furnished,Mid (5-10),Noida - Sector 62,64.96
449,1,1,1,9,Fully Furnished,Low (1-4),Ahmedabad - SG Highway,61.11
894,3,3,1,7,Semi-Furnished,Mid (5-10),Mumbai - Bandra,186.09
1010,3,2,2,20,Unfurnished,Mid (5-10),Mumbai - Andheri,131.21
1056,2,2,1,12,Semi-Furnished,Mid (5-10),Delhi - South Delhi,162.67
350,1,1,3,4,Semi-Furnished,Mid (5-10),Mumbai - Bandra,131.31
1327,3,2,3,5,Fully Furnished,Ground,Delhi - South Delhi,189.51
794,2,2,1,29,Semi-Furnished,Low (1-4),Hyderabad - Gachibowli,84.17
1077,3,2,1,30,Unfurnished,Mid (5-10),Bengaluru - Koramangala,118.52
900,3,3,2,16,Semi-Furnished,Ground,Kolkata - New Town,84.02
1241,3,3,3,10,Semi-Furnished,Ground,Chennai - OMR,112.04
1061,2,2,1,19,Unfurnished,High (11+),Gurgaon - DLF Phase,121.89
1882,5,5,1,8,Semi-Furnished,Mid (5-10),Delhi - Dwarka,188.55
1212,3,3,1,1,Semi-Furnished,Low (1-4),Bengaluru - Koramangala,155.73
926,3,3,2,0,Semi-Furnished,Mid (5-10),Hyderabad - Gachibowli,129.46
679,2,2,1,3,Unfurnished,Mid (5-10),Delhi - Dwarka,95.48
1261,3,3,2,24,Semi-Furnished,Low (1-4),Hyderabad - Banjara Hills,133.54
533,1,1,0,2,Fully Furnished,Ground,Bengaluru - Koramangala,102.51
1300,3,2,0,8,Fully Furnished,High (11+),Hyderabad - Gachibowli,144.73
1634,5,5,1,21,Fully Furnished,Low (1-4),Bengaluru - Koramangala,241.19
1117,3,2,1,22,Fully Furnished,Ground,Noida - Sector 62,106.15
350,1,1,1,11,Unfurnished,Low (1-4),Jaipur - Malviya Nagar,39.95
350,1,1,1,9,Semi-Furnished,Mid (5-10),Chennai - Adyar,73.34
1179,3,2,1,33,Semi-Furnished,Low (1-4),Mumbai - Thane,95.4
991,2,1,1,9,Fully Furnished,Low (1-4),Kolkata - New Town,93.32
453,1,1,1,29,Unfurnished,Low (1-4),Bengaluru - Whitefield,51.31
1855,4,3,3,21,Fully Furnished,High (11+),Kolkata - New Town,154.54
1074,3,3,1,5,Semi-Furnished,Low (1-4),Chennai - OMR,94.68
544,2,1,1,1,Fully Furnished,Mid (5-10),Bengaluru - Koramangala,114.95
1861,4,4,1,29,Unfurnished,High (11+),Mumbai - Bandra,242.72
878,2,2,3,1,Unfurnished,Ground,Delhi - Dwarka,109.65
1866,5,4,1,31,Fully Furnished,High (11+),Bengaluru - Sarjapur,195.33
878,2,1,2,15,Unfurnished,High (11+),Pune - Koregaon Park,100.67
1750,4,4,2,11,Fully Furnished,High (11+),Delhi - Dwarka,247.19
1221,3,2,2,0,Unfurnished,Low (1-4),Mumbai - Thane,111.35
1468,4,4,0,7,Semi-Furnished,Mid (5-10),Kolkata - Salt Lake,139.07
1920,5,5,2,12,Semi-Furnished,Mid (5-10),Kochi - Marine Drive,172.31
852,2,2,0,14,Semi-Furnished,High (11+),Bengaluru - Sarjapur,88.68
2035,5,5,1,7,Semi-Furnished,Low (1-4),Delhi - South Delhi,270.91
1418,3,3,2,9,Semi-Furnished,Mid (5-10),Delhi - Dwarka,164.33
1150,3,3,1,4,Unfurnished,Low (1-4),Mumbai - Bandra,188.05
626,2,2,2,18,Unfurnished,Low (1-4),Ahmedabad - SG Highway,45.35
1663,3,3,0,10,Semi-Furnished,Low (1-4),Mumbai - Andheri,183.62
831,2,2,2,19,Semi-Furnished,Mid (5-10),Hyderabad - Gachibowli,112.05
1350,3,2,1,19,Semi-Furnished,Low (1-4),Delhi - Dwarka,135.81
1293,3,2,1,20,Semi-Furnished,Mid (5-10),Hyderabad - Gachibowli,128.93
1633,4,4,1,17,Semi-Furnished,High (11+),Pune - Koregaon Park,171.33
1559,4,4,3,9,Semi-Furnished,Low (1-4),Kolkata - Salt Lake,141.76
695,3,3,0,33,Unfurnished,Mid (5-10),Delhi - South Delhi,114.02
608,2,2,1,25,Semi-Furnished,Low (1-4),Mumbai - Bandra,128.71
859,2,1,1,29,Fully Furnished,Low (1-4),Mumbai - Thane,75.6
350,2,2,2,8,Fully Furnished,Mid (5-10),Ahmedabad - SG Highway,72.97
412,1,1,1,30,Semi-Furnished,High (11+),Kolkata - New Town,49.8
919,2,2,1,3,Semi-Furnished,Mid (5-10),Hyderabad - Banjara Hills,122.29
949,2,2,1,5,Fully Furnished,Mid (5-10),Hyderabad - Banjara Hills,133.57
2107,5,4,1,13,Semi-Furnished,Ground,Pune - Koregaon Park,175.71
1372,3,2,1,3,Unfurnished,Low (1-4),Delhi - South Delhi,200.83
1089,2,2,1,25,Unfurnished,Mid (5-10),Ahmedabad - SG Highway,66.58
1397,3,3,2,16,Semi-Furnished,Ground,Bengaluru - Koramangala,169.13
835,2,1,1,18,Fully Furnished,Low (1-4),Bengaluru - Koramangala,118.55
1175,3,2,1,5,Semi-Furnished,Mid (5-10),Bengaluru - Sarjapur,116.92
1220,3,3,1,28,Unfurnished,Ground,Mumbai - Bandra,155.79
1150,3,3,3,10,Unfurnished,Low (1-4),Mumbai - Thane,106.77
1401,3,3,3,15,Fully Furnished,Mid (5-10),Pune - Viman Nagar,154.15
2102,5,5,2,29,Fully Furnished,Mid (5-10),Mumbai - Andheri,272.9
1531,4,4,1,24,Semi-Furnished,High (11+),Hyderabad - Banjara Hills,182.92
1438,3,3,0,10,Semi-Furnished,Mid (5-10),Delhi - Dwarka,150.87
1147,3,3,1,6,Unfurnished,Low (1-4),Bengaluru - Koramangala,149.83
1029,3,3,1,25,Fully Furnished,High (11+),Noida - Sector 62,103.84
798,2,1,1,21,Fully Furnished,Mid (5-10),Gurgaon - DLF Phase,126.83
1051,3,3,2,24,Unfurnished,Low (1-4),Pune - Viman Nagar,90.75
568,1,1,2,18,Semi-Furnished,Ground,Noida - Sector 62,72.88
1047,3,3,2,30,Unfurnished,Mid (5-10),Hyderabad - Gachibowli,88.55
1179,3,3,1,25,Unfurnished,Mid (5-10),Bengaluru - Whitefield,132.7
969,2,1,2,22,Unfurnished,Mid (5-10),Pune - Koregaon Park,88.53
1871,5,5,1,12,Unfurnished,Mid (5-10),Jaipur - Malviya Nagar,123.49
1674,4,4,0,24,Semi-Furnished,Mid (5-10),Pune - Viman Nagar,133.53
1024,3,2,2,1,Semi-Furnished,High (11+),Delhi - South Delhi,176.78
1243,3,3,0,1,Semi-Furnished,Mid (5-10),Mumbai - Bandra,219.12
1702,4,3,1,15,Semi-Furnished,Ground,Delhi - Dwarka,155.15
792,2,2,1,8,Unfurnished,High (11+),Hyderabad - Banjara Hills,107.07
1606,4,4,2,27,Unfurnished,Low (1-4),Mumbai - Bandra,241.88
879,2,2,2,12,Semi-Furnished,Mid (5-10),Bengaluru - Sarjapur,99.18
1549,4,4,1,34,Semi-Furnished,High (11+),Hyderabad - Banjara Hills,173.21
960,2,1,2,12,Unfurnished,Mid (5-10),Gurgaon - DLF Phase,115.92
1846,4,3,1,30,Fully Furnished,Mid (5-10),Chennai - Adyar,172.15
1833,5,5,1,20,Semi-Furnished,Low (1-4),Mumbai - Andheri,211.59
1118,2,2,2,31,Fully Furnished,Low (1-4),Mumbai - Andheri,129.74
1145,3,2,2,33,Semi-Furnished,Low (1-4),Pune - Viman Nagar,93.43
2358,5,4,3,7,Unfurnished,Mid (5-10),Bengaluru - Sarjapur,171.31
1147,3,3,1,1,Semi-Furnished,Mid (5-10),Pune - Hinjewadi,103.98
1727,4,4,2,31,Unfurnished,Mid (5-10),Bengaluru - Koramangala,168.19
1326,3,3,2,27,Semi-Furnished,Low (1-4),Delhi - Dwarka,139.35
1130,3,2,3,0,Unfurnished,Low (1-4),Chennai - OMR,102.8
813,2,2,1,9,Fully Furnished,Mid (5-10),Chennai - OMR,90.97
1059,2,2,2,3,Unfurnished,Low (1-4),Pune - Hinjewadi,72.99
1542,4,3,1,34,Fully Furnished,Mid (5-10),Delhi - Dwarka,165.58
1124,3,3,1,9,Fully Furnished,Mid (5-10),Hyderabad - Gachibowli,144.65
992,3,3,1,10,Semi-Furnished,Mid (5-10),Gurgaon - DLF Phase,152.49
1482,3,3,1,13,Semi-Furnished,Low (1-4),Mumbai - Andheri,201.36
1113,3,3,1,11,Semi-Furnished,High (11+),Ahmedabad - SG Highway,105.41
1815,4,4,2,16,Fully Furnished,Low (1-4),Mumbai - Thane,182.56
1891,5,5,1,15,Semi-Furnished,High (11+),Jaipur - Malviya Nagar,138.42
1410,3,3,2,34,Fully Furnished,Ground,Bengaluru - Whitefield,132.17
1745,4,4,1,1,Semi-Furnished,Ground,Delhi - South Delhi,259.42
1558,4,3,0,10,Fully Furnished,High (11+),Bengaluru - Sarjapur,166.06
1067,3,2,1,2,Semi-Furnished,Low (1-4),Kolkata - New Town,97.32
1882,5,5,1,28,Semi-Furnished,Mid (5-10),Pune - Viman Nagar,155.7
680,2,2,1,17,Fully Furnished,High (11+),Chennai - OMR,74.33
991,2,2,1,19,Fully Furnished,High (11+),Pune - Koregaon Park,116.45
1628,4,4,1,13,Semi-Furnished,High (11+),Pune - Hinjewadi,135.05
999,3,3,1,33,Unfurnished,Low (1-4),Kolkata - Salt Lake,79.9
1554,4,3,1,30,Semi-Furnished,Mid (5-10),Delhi - Dwarka,146.83
1576,4,4,1,17,Fully Furnished,Ground,Bengaluru - Whitefield,169.64
350,1,1,1,29,Fully Furnished,Low (1-4),Delhi - South Delhi,96.01
1564,4,4,3,24,Fully Furnished,High (11+),Kochi - Marine Drive,158.34
1330,3,2,2,18,Unfurnished,Low (1-4),Jaipur - Malviya Nagar,70.32
1175,3,3,2,7,Semi-Furnished,Mid (5-10),Mumbai - Bandra,246.59
1245,3,3,0,27,Semi-Furnished,Mid (5-10),Pune - Hinjewadi,84.57
1687,4,4,2,7,Fully Furnished,Mid (5-10),Ahmedabad - SG Highway,144.01
350,1,1,2,30,Unfurnished,High (11+),Delhi - South Delhi,81.51
1331,3,2,2,2,Fully Furnished,Ground,Hyderabad - Gachibowli,143.67
1462,3,3,0,2,Semi-Furnished,Mid (5-10),Ahmedabad - SG Highway,108.8
925,3,3,2,21,Unfurnished,High (11+),Mumbai - Bandra,178.84
1137,3,3,2,16,Semi-Furnished,Low (1-4),Pune - Hinjewadi,116.51
1219,2,2,1,16,Unfurnished,Ground,Noida - Sector 62,90.46
830,2,1,2,13,Semi-Furnished,Mid (5-10),Ahmedabad - SG Highway,67.9
1193,3,2,1,8,Unfurnished,Low (1-4),Jaipur - Malviya Nagar,84.61
1553,4,3,1,29,Unfurnished,Low (1-4),Jaipur - Malviya Nagar,91.82
1029,2,1,0,20,Fully Furnished,High (11+),Bengaluru - Whitefield,113.83
630,2,2,2,11,Unfurnished,Mid (5-10),Kolkata - Salt Lake,66.45
2166,5,5,0,31,Unfurnished,High (11+),Kolkata - Salt Lake,154.8
350,1,1,1,10,Semi-Furnished,High (11+),Noida - Sector 62,52.12
1865,5,5,1,19,Semi-Furnished,Mid (5-10),Kolkata - Salt Lake,156.76
1158,3,2,1,34,Fully Furnished,Ground,Mumbai - Bandra,172.21
1591,4,4,1,10,Semi-Furnished,Low (1-4),Hyderabad - Banjara Hills,188.54
710,2,2,2,7,Fully Furnished,Low (1-4),Delhi - Dwarka,108.18
600,1,1,2,3,Semi-Furnished,High (11+),Mumbai - Andheri,106.9
1466,4,4,1,26,Unfurnished,Low (1-4),Mumbai - Andheri,174.18
1625,4,3,0,29,Unfurnished,Low (1-4),Pune - Hinjewadi,98.94
1696,4,3,1,26,Semi-Furnished,Mid (5-10),Gurgaon - DLF Phase,181.78
823,2,1,2,20,Semi-Furnished,Low (1-4),Pune - Viman Nagar,86.78
1739,4,3,1,19,Semi-Furnished,Low (1-4),Mumbai - Bandra,276.19
1521,4,4,1,3,Semi-Furnished,Mid (5-10),Noida - Sector 62,122.73
1312,3,2,0,10,Semi-Furnished,Ground,Bengaluru - Sarjapur,107.07
1717,4,4,2,12,Unfurnished,Ground,Chennai - OMR,110.91
1774,4,4,2,8,Unfurnished,Low (1-4),Noida - Sector 62,127.37
860,3,3,2,3,Semi-Furnished,Mid (5-10),Hyderabad - Banjara Hills,139.44
491,1,1,2,11,Semi-Furnished,Mid (5-10),Kolkata - New Town,54.83
1362,3,3,0,8,Semi-Furnished,Low (1-4),Hyderabad - Banjara Hills,139.71
350,1,1,0,12,Unfurnished,Mid (5-10),Delhi - Dwarka,46.03
1101,3,3,0,25,Semi-Furnished,Low (1-4),Mumbai - Bandra,189.48
1073,3,2,1,12,Fully Furnished,High (11+),Kolkata - New Town,118.82
350,1,1,1,27,Unfurnished,Ground,Mumbai - Bandra,45.24
919,2,1,1,18,Semi-Furnished,Mid (5-10),Kolkata - New Town,70.62
1210,2,1,1,23,Fully Furnished,High (11+),Bengaluru - Sarjapur,120.48
1499,4,3,3,18,Semi-Furnished,High (11+),Jaipur - Malviya Nagar,116.78
1916,5,5,2,12,Semi-Furnished,Low (1-4),Chennai - OMR,149.96
402,1,1,2,12,Unfurnished,Low (1-4),Kochi - Marine Drive,51.44
1711,5,5,2,27,Semi-Furnished,Mid (5-10),Gurgaon - DLF Phase,212.24
1074,3,2,0,1,Unfurnished,Ground,Chennai - Adyar,105.09
789,2,2,2,9,Fully Furnished,High (11+),Bengaluru - Koramangala,149.44
350,1,1,1,21,Semi-Furnished,Mid (5-10),Bengaluru - Whitefield,57.34
1415,3,2,2,12,Fully Furnished,Mid (5-10),Hyderabad - Banjara Hills,172.69
1367,4,4,1,8,Semi-Furnished,Ground,Kolkata - New Town,114.11
1362,3,3,3,32,Semi-Furnished,Mid (5-10),Kochi - Marine Drive,119.57
664,1,1,1,13,Semi-Furnished,Mid (5-10),Chennai - Adyar,73.37
468,1,1,1,19,Fully Furnished,High (11+),Bengaluru - Koramangala,119.61
1175,3,2,3,14,Fully Furnished,Ground,Bengaluru - Koramangala,167.05
844,2,2,0,31,Semi-Furnished,Ground,Pune - Viman Nagar,48.34
720,2,2,2,32,Fully Furnished,Low (1-4),Delhi - Dwarka,109.01
433,2,1,2,16,Semi-Furnished,Ground,Mumbai - Andheri,102.09
1423,4,3,2,23,Semi-Furnished,Mid (5-10),Gurgaon - DLF Phase,178.41
1597,4,3,3,29,Semi-Furnished,High (11+),Noida - Sector 62,139.06
1030,3,3,3,12,Unfurnished,Low (1-4),Noida - Sector 62,107.6
1525,4,3,0,15,Unfurnished,High (11+),Delhi - Dwarka,139.86
886,2,2,2,1,Unfurnished,Ground,Mumbai - Bandra,157.64
1226,3,3,2,16,Semi-Furnished,Low (1-4),Mumbai - Bandra,241.44
990,2,1,2,31,Semi-Furnished,Ground,Kochi - Marine Drive,94.55
1252,3,3,1,7,Semi-Furnished,Low (1-4),Bengaluru - Koramangala,160.5
2063,5,5,2,2,Fully Furnished,High (11+),Bengaluru - Koramangala,333.12
1071,3,3,3,11,Semi-Furnished,Ground,Pune - Hinjewadi,102.91
960,3,2,3,19,Semi-Furnished,Mid (5-10),Delhi - South Delhi,192.86
1125,3,3,1,15,Unfurnished,Low (1-4),Jaipur - Malviya Nagar,81.11
669,2,1,0,13,Unfurnished,High (11+),Chennai - Adyar,82.93
1569,4,4,1,15,Fully Furnished,Ground,Mumbai - Andheri,240.21
1008,3,3,2,32,Semi-Furnished,Low (1-4),Bengaluru - Koramangala,127.67
1351,3,2,2,29,Fully Furnished,Ground,Kolkata - New Town,112.65
1068,3,3,1,11,Unfurnished,Low (1-4),Jaipur - Malviya Nagar,87.96
1134,3,3,0,14,Semi-Furnished,Low (1-4),Bengaluru - Whitefield,133.41
396,1,1,1,17,Unfurnished,High (11+),Hyderabad - Banjara Hills,63.2
1402,3,3,1,27,Unfurnished,Mid (5-10),Mumbai - Thane,113.79
1116,2,1,3,22,Unfurnished,Mid (5-10),Kochi - Marine Drive,82.41
1528,3,3,2,13,Unfurnished,Mid (5-10),Delhi - Dwarka,142.16
1369,4,3,1,29,Semi-Furnished,Ground,Jaipur - Malviya Nagar,91.28
1532,4,4,1,32,Unfurnished,Low (1-4),Pune - Koregaon Park,117.09
1098,3,3,0,14,Fully Furnished,High (11+),Hyderabad - Banjara Hills,153.64
1266,3,2,3,6,Semi-Furnished,High (11+),Bengaluru - Sarjapur,152.01
855,2,2,1,14,Unfurnished,High (11+),Delhi - Dwarka,97.59
1495,4,4,1,10,Unfurnished,High (11+),Delhi - South Delhi,234.54
680,2,2,1,28,Semi-Furnished,Ground,Delhi - South Delhi,115.26
1020,3,3,2,30,Unfurnished,Low (1-4),Delhi - South Delhi,141.89
350,2,2,2,24,Fully Furnished,Ground,Chennai - Adyar,74.93
566,2,2,2,23,Fully Furnished,Low (1-4),Gurgaon - DLF Phase,106.66
1356,3,3,1,18,Unfurnished,Ground,Mumbai - Bandra,159.74
663,1,1,1,1,Semi-Furnished,Low (1-4),Jaipur - Malviya Nagar,64.47
1842,4,4,1,21,Unfurnished,Mid (5-10),Kolkata - New Town,117.75
963,2,2,2,19,Semi-Furnished,High (11+),Ahmedabad - SG Highway,88.02
350,1,1,0,32,Semi-Furnished,Mid (5-10),Kochi - Marine Drive,42.95
987,3,2,1,7,Unfurnished,High (11+),Delhi - South Delhi,161.59
350,1,1,2,24,Unfurnished,Ground,Bengaluru - Koramangala,60.85
695,2,2,2,8,Semi-Furnished,Ground,Chennai - Adyar,98.59
1215,3,2,1,33,Semi-Furnished,Mid (5-10),Pune - Hinjewadi,99.87
350,1,1,1,22,Unfurnished,Low (1-4),Mumbai - Thane,45.38
1677,4,4,0,4,Semi-Furnished,Low (1-4),Chennai - OMR,137.41
517,1,1,2,24,Semi-Furnished,Low (1-4),Delhi - South Delhi,79.0
714,2,2,2,7,Fully Furnished,Low (1-4),Delhi - South Delhi,160.68
1358,4,4,1,15,Unfurnished,Mid (5-10),Bengaluru - Sarjapur,134.22
1048,2,2,1,14,Fully Furnished,Low (1-4),Hyderabad - Banjara Hills,137.22
806,2,2,2,0,Semi-Furnished,Mid (5-10),Hyderabad - Gachibowli,99.14
1549,3,2,2,21,Unfurnished,Mid (5-10),Mumbai - Andheri,156.91
816,2,2,1,2,Semi-Furnished,Low (1-4),Kolkata - New Town,73.41
1629,4,4,1,13,Semi-Furnished,Low (1-4),Delhi - Dwarka,178.5
626,2,1,1,17,Fully Furnished,Low (1-4),Mumbai - Thane,89.35
1523,4,4,0,17,Unfurnished,Low (1-4),Kolkata - New Town,81.45
1319,4,4,3,2,Semi-Furnished,Mid (5-10),Jaipur - Malviya Nagar,117.14
958,3,2,2,9,Semi-Furnished,Mid (5-10),Kolkata - Salt Lake,103.87
1733,4,3,2,0,Fully Furnished,Mid (5-10),Chennai - OMR,158.47
1149,3,2,0,26,Semi-Furnished,Low (1-4),Pune - Koregaon Park,102.2
1923,5,4,2,26,Fully Furnished,Mid (5-10),Hyderabad - Gachibowli,213.23
350,1,1,1,10,Fully Furnished,Mid (5-10),Mumbai - Andheri,97.49
1130,3,2,1,4,Unfurnished,Low (1-4),Bengaluru - Koramangala,132.87
1403,3,3,1,6,Fully Furnished,Mid (5-10),Bengaluru - Koramangala,201.2
1225,3,3,0,18,Fully Furnished,Low (1-4),Delhi - Dwarka,139.93
987,3,3,2,28,Unfurnished,Mid (5-10),Pune - Viman Nagar,92.41
1385,3,3,1,14,Semi-Furnished,Mid (5-10),Bengaluru - Sarjapur,116.55
710,1,1,1,34,Semi-Furnished,Ground,Mumbai - Andheri,70.75
889,2,2,1,11,Unfurnished,Mid (5-10),Delhi - South Delhi,149.64
1360,3,3,1,29,Unfurnished,Ground,Pune - Hinjewadi,83.5
1419,3,3,0,19,Unfurnished,Ground,Mumbai - Andheri,134.91
1701,5,4,1,2,Unfurnished,High (11+),Kolkata - Salt Lake,141.91
1935,4,4,2,8,Semi-Furnished,High (11+),Bengaluru - Whitefield,210.65
2197,5,4,0,25,Unfurnished,Ground,Bengaluru - Whitefield,157.59
1287,3,3,0,1,Fully Furnished,Low (1-4),Hyderabad - Banjara Hills,173.99
777,2,2,1,22,Semi-Furnished,Low (1-4),Chennai - OMR,67.03
559,2,2,2,22,Unfurnished,Low (1-4),Gurgaon - DLF Phase,74.38
1540,4,4,1,20,Semi-Furnished,High (11+),Pune - Hinjewadi,131.11
1280,3,2,1,15,Semi-Furnished,High (11+),Hyderabad - Gachibowli,129.04
350,1,1,1,8,Fully Furnished,Mid (5-10),Delhi - Dwarka,84.34
1187,3,3,1,12,Unfurnished,Low (1-4),Kolkata - New Town,92.11
1786,5,5,0,27,Unfurnished,Mid (5-10),Chennai - OMR,125.79
1130,3,3,2,26,Fully Furnished,Low (1-4),Pune - Koregaon Park,135.65
956,3,2,2,16,Fully Furnished,High (11+),Kolkata - Salt Lake,111.09
937,3,2,1,0,Semi-Furnished,High (11+),Kolkata - New Town,100.78
861,2,2,2,17,Fully Furnished,Mid (5-10),Pune - Hinjewadi,93.09
1095,3,3,2,8,Unfurnished,Low (1-4),Kolkata - Salt Lake,94.65
1112,3,2,1,12,Semi-Furnished,Low (1-4),Pune - Hinjewadi,88.45
350,1,1,1,14,Unfurnished,Ground,Pune - Hinjewadi,41.26
2090,4,4,1,3,Unfurnished,High (11+),Hyderabad - Banjara Hills,217.57
1309,3,3,1,32,Fully Furnished,Low (1-4),Chennai - Adyar,150.14
1728,4,4,2,23,Unfurnished,Low (1-4),Mumbai - Thane,130.93
1460,4,3,2,9,Semi-Furnished,Low (1-4),Kolkata - New Town,111.81
890,2,1,3,19,Fully Furnished,High (11+),Kolkata - New Town,85.15
1159,3,3,2,10,Unfurnished,Ground,Mumbai - Bandra,176.65
1058,3,3,1,11,Fully Furnished,High (11+),Chennai - OMR,104.58
1947,4,4,0,17,Fully Furnished,High (11+),Mumbai - Thane,200.43
903,2,2,2,29,Semi-Furnished,High (11+),Gurgaon - DLF Phase,112.77
1294,3,3,1,19,Unfurnished,Low (1-4),Pune - Viman Nagar,103.99
1025,3,3,2,24,Semi-Furnished,Low (1-4),Mumbai - Thane,104.91
571,2,2,2,11,Semi-Furnished,Low (1-4),Chennai - OMR,72.26
789,2,2,2,20,Semi-Furnished,Low (1-4),Kolkata - Salt Lake,74.3
1096,3,3,2,24,Unfurnished,Low (1-4),Bengaluru - Sarjapur,96.45
1710,4,4,0,10,Fully Furnished,Mid (5-10),Mumbai - Bandra,296.61
922,2,2,2,8,Unfurnished,Low (1-4),Noida - Sector 62,79.83
1211,3,3,2,24,Semi-Furnished,High (11+),Hyderabad - Banjara Hills,164.19
1348,3,2,1,34,Unfurnished,Ground,Kochi - Marine Drive,92.69
1234,3,3,2,31,Semi-Furnished,Mid (5-10),Pune - Koregaon Park,127.43
643,2,2,1,13,Fully Furnished,Mid (5-10),Delhi - Dwarka,92.23
1564,4,3,3,0,Unfurnished,Mid (5-10),Pune - Koregaon Park,162.71
824,2,1,0,16,Unfurnished,High (11+),Bengaluru - Sarjapur,79.31
1367,3,3,1,24,Semi-Furnished,Mid (5-10),Chennai - Adyar,142.74
440,1,1,1,7,Semi-Furnished,High (11+),Mumbai - Andheri,97.35
697,2,2,2,4,Semi-Furnished,Low (1-4),Chennai - Adyar,103.7
1373,3,3,1,4,Semi-Furnished,Mid (5-10),Bengaluru - Sarjapur,139.18
868,2,2,1,34,Unfurnished,Ground,Jaipur - Malviya Nagar,57.38
1878,4,3,1,18,Fully Furnished,Ground,Gurgaon - DLF Phase,209.17
415,1,1,3,22,Fully Furnished,Low (1-4),Pune - Koregaon Park,63.39
1013,3,3,1,8,Semi-Furnished,Ground,Ahmedabad - SG Highway,78.63
1011,2,2,1,29,Fully Furnished,Low (1-4),Mumbai - Andheri,145.03
350,1,1,2,15,Semi-Furnished,Low (1-4),Jaipur - Malviya Nagar,38.02
853,2,2,1,32,Semi-Furnished,Ground,Pune - Hinjewadi,64.5
1233,3,3,3,1,Unfurnished,High (11+),Mumbai - Andheri,178.26
1208,3,2,1,13,Semi-Furnished,Ground,Noida - Sector 62,88.02
1169,3,2,2,0,Semi-Furnished,Mid (5-10),Pune - Hinjewadi,115.45
902,3,2,1,25,Unfurnished,Low (1-4),Mumbai - Andheri,120.97
1019,3,2,1,24,Semi-Furnished,High (11+),Hyderabad - Gachibowli,97.46
601,1,1,2,15,Fully Furnished,High (11+),Gurgaon - DLF Phase,112.34
1277,3,2,1,14,Semi-Furnished,Mid (5-10),Hyderabad - Banjara Hills,147.98
2343,5,5,2,25,Semi-Furnished,Mid (5-10),Mumbai - Bandra,362.48
1013,3,3,1,15,Fully Furnished,Ground,Kolkata - New Town,95.06
1194,3,3,1,13,Unfurnished,High (11+),Kochi - Marine Drive,122.42
1009,2,2,1,28,Semi-Furnished,High (11+),Jaipur - Malviya Nagar,71.2
1498,4,4,3,23,Fully Furnished,High (11+),Pune - Viman Nagar,163.08
1512,4,4,1,14,Semi-Furnished,Mid (5-10),Mumbai - Thane,142.08
1147,3,2,1,18,Semi-Furnished,Low (1-4),Chennai - Adyar,113.47
1919,5,5,1,7,Unfurnished,High (11+),Mumbai - Bandra,291.61
895,2,2,1,33,Fully Furnished,Low (1-4),Mumbai - Bandra,160.69
350,1,1,1,1,Semi-Furnished,Mid (5-10),Noida - Sector 62,55.7
1895,4,4,3,26,Fully Furnished,Ground,Bengaluru - Whitefield,192.91
1427,4,4,1,9,Semi-Furnished,High (11+),Chennai - Adyar,162.64
418,2,2,2,34,Semi-Furnished,Ground,Pune - Hinjewadi,43.17
798,2,2,0,22,Fully Furnished,Low (1-4),Bengaluru - Whitefield,87.76
350,1,1,2,7,Semi-Furnished,Mid (5-10),Delhi - Dwarka,94.62
767,2,2,3,27,Semi-Furnished,Mid (5-10),Kochi - Marine Drive,85.25
1656,4,4,1,22,Semi-Furnished,Mid (5-10),Bengaluru - Koramangala,198.85
1316,3,3,3,3,Fully Furnished,Low (1-4),Bengaluru - Whitefield,169.33
1103,2,2,1,13,Semi-Furnished,Ground,Mumbai - Thane,109.67
1075,3,3,3,28,Semi-Furnished,Mid (5-10),Chennai - OMR,89.52
539,1,1,2,0,Unfurnished,High (11+),Pune - Hinjewadi,62.82
927,2,1,1,3,Fully Furnished,High (11+),Delhi - South Delhi,157.24
724,3,3,1,31,Unfurnished,Low (1-4),Mumbai - Andheri,81.02
1850,5,5,1,32,Semi-Furnished,High (11+),Pune - Hinjewadi,140.74
1368,4,3,0,25,Semi-Furnished,Low (1-4),Pune - Koregaon Park,132.77
480,1,1,1,16,Semi-Furnished,Mid (5-10),Delhi - Dwarka,62.73
1660,4,4,0,22,Semi-Furnished,Low (1-4),Jaipur - Malviya Nagar,109.17
1664,4,4,1,31,Unfurnished,Low (1-4),Mumbai - Thane,127.52
1544,4,3,2,14,Semi-Furnished,Mid (5-10),Bengaluru - Koramangala,196.61
1163,3,2,1,12,Fully Furnished,Mid (5-10),Jaipur - Malviya Nagar,107.51
1194,3,3,1,1,Fully Furnished,Low (1-4),Bengaluru - Koramangala,178.61
727,2,1,2,18,Unfurnished,Low (1-4),Pune - Koregaon Park,80.35
539,1,1,1,23,Fully Furnished,Ground,Bengaluru - Koramangala,61.34
607,2,2,0,23,Semi-Furnished,Mid (5-10),Delhi - Dwarka,81.44
659,2,2,1,10,Fully Furnished,Low (1-4),Kochi - Marine Drive,88.51
1221,3,3,3,21,Semi-Furnished,Ground,Bengaluru - Koramangala,141.28
1533,4,3,2,14,Semi-Furnished,Mid (5-10),Kolkata - New Town,124.9
1000,3,3,1,9,Fully Furnished,Mid (5-10),Delhi - Dwarka,138.81
495,1,1,2,26,Fully Furnished,Mid (5-10),Delhi - South Delhi,131.36
1896,5,4,1,8,Semi-Furnished,Mid (5-10),Mumbai - Bandra,279.58
1847,5,5,2,27,Unfurnished,High (11+),Pune - Koregaon Park,174.91
1568,4,4,2,0,Semi-Furnished,High (11+),Gurgaon - DLF Phase,216.55
1839,5,5,2,16,Semi-Furnished,High (11+),Kolkata - Salt Lake,168.13
1193,3,2,1,30,Unfurnished,Mid (5-10),Bengaluru - Whitefield,100.97
1935,5,4,0,9,Unfurnished,Low (1-4),Jaipur - Malviya Nagar,115.34
350,1,1,1,28,Fully Furnished,High (11+),Delhi - South Delhi,103.15
1108,3,2,2,17,Unfurnished,Low (1-4),Kolkata - New Town,71.46
979,2,2,1,5,Semi-Furnished,Low (1-4),Chennai - Adyar,107.71
866,2,1,2,11,Unfurnished,Low (1-4),Chennai - Adyar,84.77
492,2,2,3,13,Semi-Furnished,Ground,Kolkata - Salt Lake,62.78
1358,3,3,1,9,Unfurnished,High (11+),Chennai - Adyar,144.09
1692,4,3,2,19,Unfurnished,Mid (5-10),Hyderabad - Banjara Hills,170.92
1282,3,3,2,14,Fully Furnished,Mid (5-10),Mumbai - Thane,156.89
959,2,2,3,30,Fully Furnished,Mid (5-10),Mumbai - Bandra,199.91
1602,4,4,3,6,Unfurnished,Low (1-4),Ahmedabad - SG Highway,117.66
1311,3,2,2,9,Semi-Furnished,Ground,Hyderabad - Banjara Hills,129.37
1116,3,3,1,9,Semi-Furnished,Mid (5-10),Chennai - OMR,117.64
1352,3,3,2,27,Fully Furnished,Mid (5-10),Bengaluru - Whitefield,152.29
839,2,2,0,29,Fully Furnished,Low (1-4),Mumbai - Andheri,129.94
552,2,2,2,2,Semi-Furnished,Mid (5-10),Mumbai - Thane,79.67
1786,4,4,3,14,Semi-Furnished,Low (1-4),Pune - Hinjewadi,138.07
776,2,1,1,20,Fully Furnished,Low (1-4),Bengaluru - Koramangala,125.82
1151,3,2,2,11,Unfurnished,Low (1-4),Delhi - South Delhi,164.86
1520,4,4,1,3,Semi-Furnished,Low (1-4),Bengaluru - Whitefield,159.48
1133,3,3,1,8,Fully Furnished,High (11+),Mumbai - Bandra,273.79
441,1,1,1,27,Semi-Furnished,High (11+),Hyderabad - Gachibowli,46.46
622,2,2,2,22,Semi-Furnished,Low (1-4),Delhi - Dwarka,87.76
350,1,1,3,21,Semi-Furnished,Mid (5-10),Chennai - OMR,57.95
1008,3,3,3,23,Semi-Furnished,Mid (5-10),Noida - Sector 62,116.51
1268,3,3,1,25,Semi-Furnished,Low (1-4),Bengaluru - Whitefield,121.18
770,2,1,2,29,Semi-Furnished,Low (1-4),Mumbai - Bandra,129.13
2200,5,5,2,32,Semi-Furnished,High (11+),Mumbai - Andheri,263.68
1188,3,3,1,15,Semi-Furnished,Mid (5-10),Bengaluru - Koramangala,162.34
951,2,2,0,21,Fully Furnished,High (11+),Bengaluru - Whitefield,120.81
1075,3,2,1,17,Unfurnished,Low (1-4),Hyderabad - Banjara Hills,122.12
1121,3,2,3,6,Semi-Furnished,Mid (5-10),Noida - Sector 62,117.22
401,1,1,2,25,Semi-Furnished,Low (1-4),Pune - Hinjewadi,42.58
773,2,1,2,7,Semi-Furnished,Low (1-4),Kolkata - Salt Lake,87.66
1556,4,4,1,5,Unfurnished,Mid (5-10),Chennai - Adyar,161.13
1043,3,3,2,29,Semi-Furnished,Low (1-4),Mumbai - Bandra,194.37
914,3,3,0,22,Fully Furnished,Low (1-4),Bengaluru - Whitefield,124.72
1313,3,3,1,31,Semi-Furnished,Low (1-4),Mumbai - Andheri,173.01
493,1,1,2,21,Fully Furnished,Ground,Delhi - Dwarka,70.13
689,2,2,1,8,Fully Furnished,Mid (5-10),Kochi - Marine Drive,92.51
1268,3,3,2,30,Unfurnished,Low (1-4),Mumbai - Thane,106.96
770,2,2,1,6,Unfurnished,Ground,Bengaluru - Sarjapur,83.64
599,1,1,2,8,Fully Furnished,Low (1-4),Hyderabad - Banjara Hills,100.14
1363,4,3,1,12,Fully Furnished,Ground,Pune - Hinjewadi,129.03
1977,5,5,1,2,Unfurnished,Mid (5-10),Hyderabad - Gachibowli,184.49
1562,4,4,0,34,Unfurnished,Ground,Mumbai - Bandra,192.13
1629,4,4,0,32,Unfurnished,Mid (5-10),Gurgaon - DLF Phase,162.65
1076,2,2,3,20,Fully Furnished,Ground,Bengaluru - Sarjapur,104.9
1977,5,4,1,30,Unfurnished,Low (1-4),Mumbai - Andheri,203.95
933,2,2,2,33,Semi-Furnished,High (11+),Gurgaon - DLF Phase,104.6
1973,5,5,3,31,Fully Furnished,Mid (5-10),Mumbai - Bandra,355.33
2192,5,4,1,34,Unfurnished,Ground,Mumbai - Andheri,210.03
1335,3,3,1,14,Semi-Furnished,High (11+),Bengaluru - Koramangala,185.49
1940,5,5,2,31,Unfurnished,Low (1-4),Mumbai - Thane,156.82
1127,3,3,3,5,Fully Furnished,High (11+),Hyderabad - Gachibowli,163.15
887,2,1,3,20,Unfurnished,Mid (5-10),Pune - Hinjewadi,73.17
1082,3,3,1,32,Semi-Furnished,Mid (5-10),Chennai - OMR,82.74
1234,3,3,2,31,Semi-Furnished,High (11+),Delhi - South Delhi,187.89
350,1,1,1,18,Unfurnished,Low (1-4),Mumbai - Thane,48.55
1266,3,3,3,32,Unfurnished,Mid (5-10),Mumbai - Andheri,140.14
1971,5,5,3,27,Semi-Furnished,Low (1-4),Pune - Koregaon Park,173.52
675,2,2,1,30,Unfurnished,Ground,Pune - Hinjewadi,58.17
1798,4,4,1,20,Fully Furnished,Ground,Mumbai - Bandra,288.07
1643,4,3,0,33,Fully Furnished,Ground,Jaipur - Malviya Nagar,104.88
1990,5,4,1,14,Semi-Furnished,Mid (5-10),Mumbai - Bandra,324.33
2075,5,5,2,13,Semi-Furnished,Mid (5-10),Bengaluru - Sarjapur,180.77
899,3,2,1,18,Semi-Furnished,Mid (5-10),Pune - Hinjewadi,81.79
2376,5,5,0,14,Fully Furnished,Ground,Kolkata - New Town,177.33
1604,4,4,1,5,Semi-Furnished,Low (1-4),Pune - Hinjewadi,127.14
446,2,2,3,8,Unfurnished,High (11+),Chennai - OMR,68.52
1415,3,2,2,19,Unfurnished,Low (1-4),Gurgaon - DLF Phase,134.1
1064,3,2,1,33,Semi-Furnished,Mid (5-10),Chennai - OMR,80.83
987,2,2,1,25,Semi-Furnished,Mid (5-10),Mumbai - Andheri,141.03
1221,3,2,3,17,Semi-Furnished,Mid (5-10),Kolkata - New Town,85.1
917,3,3,2,27,Unfurnished,Mid (5-10),Hyderabad - Gachibowli,93.32
847,2,1,1,8,Semi-Furnished,High (11+),Chennai - OMR,85.94
1233,3,2,0,31,Unfurnished,Low (1-4),Bengaluru - Whitefield,111.94
1807,4,4,0,5,Unfurnished,High (11+),Pune - Koregaon Park,156.21
1293,3,2,1,13,Semi-Furnished,Low (1-4),Bengaluru - Sarjapur,104.72
350,1,1,1,27,Unfurnished,Low (1-4),Pune - Viman Nagar,33.61
580,1,1,3,23,Semi-Furnished,Ground,Mumbai - Andheri,96.58
1125,3,3,1,12,Semi-Furnished,Mid (5-10),Mumbai - Bandra,212.8
1909,4,4,2,11,Semi-Furnished,Low (1-4),Delhi - Dwarka,177.58
736,2,1,1,18,Semi-Furnished,Low (1-4),Mumbai - Thane,78.2
1161,3,2,2,20,Unfurnished,Low (1-4),Kolkata - New Town,90.78
652,2,2,2,26,Unfurnished,High (11+),Delhi - South Delhi,120.24
710,2,1,1,18,Fully Furnished,High (11+),Kochi - Marine Drive,90.79
1462,4,3,1,23,Semi-Furnished,Mid (5-10),Gurgaon - DLF Phase,173.23
1411,3,3,2,25,Semi-Furnished,Mid (5-10),Delhi - South Delhi,209.05
350,1,1,0,27,Unfurnished,Low (1-4),Chennai - Adyar,32.99
1344,3,3,1,17,Semi-Furnished,Low (1-4),Pune - Koregaon Park,128.96
549,1,1,1,28,Semi-Furnished,High (11+),Bengaluru - Sarjapur,56.7
1447,3,3,3,16,Semi-Furnished,Ground,Hyderabad - Gachibowli,130.25
1207,3,3,1,3,Semi-Furnished,Low (1-4),Pune - Viman Nagar,122.91
615,2,2,2,28,Unfurnished,Low (1-4),Delhi - South Delhi,96.93
769,2,2,1,3,Unfurnished,Low (1-4),Kochi - Marine Drive,78.92
1307,3,3,2,9,Fully Furnished,Low (1-4),Kochi - Marine Drive,130.74
1615,4,4,1,24,Fully Furnished,Mid (5-10),Pune - Koregaon Park,180.67
2066,5,5,2,30,Unfurnished,Ground,Delhi - South Delhi,245.15
645,1,1,1,2,Semi-Furnished,Mid (5-10),Pune - Hinjewadi,64.93
1704,4,4,2,1,Unfurnished,Low (1-4),Mumbai - Andheri,213.36
1235,3,3,2,24,Unfurnished,Low (1-4),Mumbai - Bandra,183.24
868,3,3,1,5,Semi-Furnished,Ground,Delhi - Dwarka,93.88
1458,4,4,1,25,Unfurnished,Mid (5-10),Bengaluru - Whitefield,137.56
1527,4,3,0,7,Semi-Furnished,Low (1-4),Kolkata - New Town,113.27
1644,5,4,0,34,Semi-Furnished,Mid (5-10),Pune - Viman Nagar,137.65
1000,3,3,2,26,Unfurnished,Mid (5-10),Pune - Viman Nagar,93.88
1151,3,3,1,24,Unfurnished,Mid (5-10),Bengaluru - Koramangala,127.78
1580,4,3,1,17,Fully Furnished,Low (1-4),Gurgaon - DLF Phase,213.82
891,2,2,2,0,Unfurnished,Low (1-4),Gurgaon - DLF Phase,117.72
1163,3,2,1,2,Semi-Furnished,Low (1-4),Kochi - Marine Drive,114.07
1244,3,3,1,3,Semi-Furnished,Mid (5-10),Mumbai - Bandra,242.69
1124,3,2,1,14,Semi-Furnished,Low (1-4),Kolkata - New Town,89.33
807,2,2,3,7,Semi-Furnished,High (11+),Hyderabad - Gachibowli,134.97
881,2,2,2,18,Unfurnished,High (11+),Bengaluru - Whitefield,97.26
1865,4,3,2,25,Unfurnished,Low (1-4),Pune - Viman Nagar,131.91
707,2,2,1,9,Unfurnished,Ground,Bengaluru - Whitefield,75.36
1225,3,3,2,13,Semi-Furnished,Mid (5-10),Kolkata - New Town,110.73
956,2,2,1,18,Semi-Furnished,Low (1-4),Ahmedabad - SG Highway,74.4
350,1,1,0,29,Unfurnished,Ground,Bengaluru - Koramangala,43.46
759,1,1,0,4,Unfurnished,High (11+),Noida - Sector 62,59.61
1012,2,2,1,30,Semi-Furnished,Low (1-4),Hyderabad - Banjara Hills,91.79
1291,4,4,1,6,Semi-Furnished,High (11+),Ahmedabad - SG Highway,120.05
866,2,2,1,18,Fully Furnished,Mid (5-10),Delhi - South Delhi,140.78
1898,5,4,0,30,Semi-Furnished,Mid (5-10),Hyderabad - Banjara Hills,204.48
1128,3,3,1,23,Semi-Furnished,Low (1-4),Pune - Koregaon Park,105.1
1263,3,3,2,33,Semi-Furnished,Low (1-4),Pune - Viman Nagar,104.7
1389,3,2,1,22,Fully Furnished,Mid (5-10),Mumbai - Thane,128.52
1116,3,3,2,5,Fully Furnished,Low (1-4),Pune - Viman Nagar,130.44
1518,4,4,1,26,Semi-Furnished,Low (1-4),Ahmedabad - SG Highway,107.22
866,2,2,2,10,Unfurnished,Low (1-4),Delhi - South Delhi,142.21
1302,3,3,1,4,Unfurnished,Low (1-4),Delhi - Dwarka,118.79
1418,4,4,1,16,Semi-Furnished,Low (1-4),Jaipur - Malviya Nagar,99.39
2310,5,5,1,6,Semi-Furnished,Mid (5-10),Delhi - South Delhi,336.06
1484,4,4,2,26,Semi-Furnished,Low (1-4),Kolkata - Salt Lake,131.1
1373,3,3,2,14,Unfurnished,Ground,Bengaluru - Whitefield,103.38
1681,4,4,1,12,Semi-Furnished,Mid (5-10),Delhi - Dwarka,183.49
1309,3,3,1,10,Fully Furnished,High (11+),Kolkata - New Town,115.75
1087,3,3,2,25,Unfurnished,Low (1-4),Bengaluru - Whitefield,103.4
489,2,1,2,21,Semi-Furnished,Ground,Bengaluru - Sarjapur,60.57
1196,3,3,1,27,Semi-Furnished,Mid (5-10),Gurgaon - DLF Phase,158.84
796,2,2,1,23,Fully Furnished,High (11+),Hyderabad - Banjara Hills,105.64
627,2,2,1,28,Fully Furnished,Mid (5-10),Mumbai - Thane,69.12
1765,4,4,2,8,Semi-Furnished,Mid (5-10),Bengaluru - Koramangala,229.32
790,2,2,1,3,Semi-Furnished,Low (1-4),Jaipur - Malviya Nagar,70.63
350,1,1,3,17,Fully Furnished,Mid (5-10),Delhi - Dwarka,92.74
505,1,1,1,15,Semi-Furnished,Ground,Pune - Koregaon Park,59.57
2110,5,5,1,32,Semi-Furnished,Mid (5-10),Gurgaon - DLF Phase,237.23
1071,3,2,1,28,Fully Furnished,Mid (5-10),Chennai - Adyar,128.97
1422,3,3,3,9,Unfurnished,High (11+),Mumbai - Thane,140.29
2003,4,4,2,8,Semi-Furnished,Low (1-4),Jaipur - Malviya Nagar,141.61
1403,4,4,1,30,Fully Furnished,Ground,Bengaluru - Whitefield,148.5
766,2,2,2,27,Semi-Furnished,Mid (5-10),Delhi - Dwarka,105.59
1260,3,3,1,2,Semi-Furnished,Mid (5-10),Mumbai - Andheri,177.16
2010,4,4,1,13,Unfurnished,Mid (5-10),Mumbai - Thane,159.85
1067,3,3,1,24,Semi-Furnished,Low (1-4),Bengaluru - Sarjapur,90.96
630,2,1,1,14,Unfurnished,Low (1-4),Gurgaon - DLF Phase,79.7
1429,4,3,1,1,Unfurnished,Mid (5-10),Kolkata - Salt Lake,114.93
1419,3,3,3,23,Semi-Furnished,Low (1-4),Bengaluru - Koramangala,184.74
672,2,2,1,13,Unfurnished,High (11+),Delhi - Dwarka,105.25
1046,3,3,3,6,Semi-Furnished,Low (1-4),Hyderabad - Banjara Hills,143.84
441,1,1,1,23,Semi-Furnished,Mid (5-10),Pune - Hinjewadi,41.65
855,2,2,2,26,Fully Furnished,Mid (5-10),Mumbai - Thane,88.86
1792,4,4,1,29,Semi-Furnished,Mid (5-10),Mumbai - Thane,156.39
416,1,1,1,26,Unfurnished,Low (1-4),Mumbai - Bandra,71.99
1244,3,3,1,14,Unfurnished,High (11+),Pune - Viman Nagar,105.67
1181,3,2,0,25,Semi-Furnished,Low (1-4),Pune - Koregaon Park,121.68
350,1,1,2,0,Semi-Furnished,Mid (5-10),Bengaluru - Whitefield,74.65
1964,5,4,1,3,Semi-Furnished,Low (1-4),Kolkata - Salt Lake,166.97
811,2,2,2,28,Semi-Furnished,Low (1-4),Chennai - OMR,73.35
720,2,2,1,0,Unfurnished,Low (1-4),Hyderabad - Gachibowli,76.22
518,2,2,1,21,Semi-Furnished,Low (1-4),Kolkata - New Town,44.74
595,2,2,1,10,Semi-Furnished,High (11+),Delhi - South Delhi,142.53
392,1,1,3,9,Unfurnished,Low (1-4),Mumbai - Andheri,101.34
1367,3,2,2,16,Unfurnished,Mid (5-10),Delhi - Dwarka,133.41
2302,5,5,1,25,Unfurnished,High (11+),Mumbai - Bandra,325.72
766,2,2,1,20,Unfurnished,Ground,Bengaluru - Sarjapur,62.23
1070,3,3,0,12,Semi-Furnished,Mid (5-10),Jaipur - Malviya Nagar,91.57
1532,4,4,3,8,Unfurnished,Low (1-4),Mumbai - Bandra,260.25
1411,4,4,2,10,Unfurnished,Ground,Mumbai - Andheri,165.24
1341,3,3,1,10,Unfurnished,Low (1-4),Bengaluru - Whitefield,129.87
1184,2,2,1,5,Fully Furnished,High (11+),Jaipur - Malviya Nagar,88.82
675,2,2,0,0,Fully Furnished,Ground,Noida - Sector 62,86.2
985,3,2,3,5,Unfurnished,Mid (5-10),Bengaluru - Sarjapur,101.83
1781,4,4,1,12,Semi-Furnished,Mid (5-10),Mumbai - Bandra,270.8
857,2,1,2,21,Unfurnished,High (11+),Mumbai - Thane,86.04
1260,3,3,1,30,Semi-Furnished,Ground,Kochi - Marine Drive,89.0
1885,4,4,2,21,Unfurnished,Mid (5-10),Jaipur - Malviya Nagar,115.53
1354,4,4,2,26,Semi-Furnished,Mid (5-10),Mumbai - Bandra,225.85
1749,5,5,2,13,Semi-Furnished,Mid (5-10),Jaipur - Malviya Nagar,125.47
1570,4,4,2,4,Fully Furnished,High (11+),Pune - Koregaon Park,203.16
1211,3,2,2,31,Unfurnished,High (11+),Kolkata - New Town,83.48
1136,3,2,0,33,Fully Furnished,Ground,Bengaluru - Whitefield,123.2
1642,3,3,1,6,Fully Furnished,Low (1-4),Bengaluru - Sarjapur,145.71
350,1,1,1,9,Unfurnished,Low (1-4),Bengaluru - Whitefield,68.16
1100,3,2,3,16,Semi-Furnished,Low (1-4),Pune - Koregaon Park,112.9
1222,3,3,1,29,Unfurnished,Low (1-4),Mumbai - Thane,105.35
974,2,2,2,20,Unfurnished,Low (1-4),Mumbai - Bandra,165.69
1469,4,4,2,12,Unfurnished,Low (1-4),Noida - Sector 62,118.29
1173,3,2,1,0,Semi-Furnished,High (11+),Pune - Hinjewadi,104.59
2179,5,4,1,0,Semi-Furnished,Ground,Delhi - South Delhi,266.61
589,1,1,1,32,Fully Furnished,High (11+),Pune - Koregaon Park,50.61
839,2,1,1,24,Unfurnished,Low (1-4),Jaipur - Malviya Nagar,63.0
1635,3,2,1,25,Fully Furnished,Mid (5-10),Mumbai - Andheri,200.05
1156,2,2,0,12,Unfurnished,High (11+),Pune - Koregaon Park,96.43
946,3,3,2,27,Fully Furnished,Low (1-4),Bengaluru - Whitefield,113.41
1295,4,4,3,32,Semi-Furnished,Low (1-4),Kolkata - New Town,107.11
943,2,1,1,29,Unfurnished,Low (1-4),Delhi - South Delhi,108.49
1445,3,3,1,7,Fully Furnished,Low (1-4),Pune - Hinjewadi,112.57
1159,3,2,0,0,Semi-Furnished,High (11+),Kolkata - Salt Lake,120.73
1109,3,3,2,11,Semi-Furnished,High (11+),Jaipur - Malviya Nagar,99.2
1852,5,4,2,4,Semi-Furnished,Ground,Pune - Hinjewadi,154.1
1389,4,4,1,23,Semi-Furnished,Ground,Bengaluru - Sarjapur,130.57
1404,3,3,1,5,Semi-Furnished,Low (1-4),Hyderabad - Banjara Hills,129.45
1131,3,2,2,24,Semi-Furnished,Ground,Kolkata - New Town,91.9
1254,3,2,2,0,Unfurnished,Mid (5-10),Hyderabad - Gachibowli,133.83
1271,4,3,0,24,Semi-Furnished,Ground,Mumbai - Bandra,185.8
1380,3,3,2,0,Fully Furnished,Mid (5-10),Ahmedabad - SG Highway,124.11
1305,3,2,1,31,Unfurnished,Ground,Pune - Hinjewadi,80.0
1357,4,4,1,2,Unfurnished,Low (1-4),Pune - Hinjewadi,103.69
846,2,2,2,18,Semi-Furnished,Mid (5-10),Delhi - South Delhi,145.51
1600,4,4,2,28,Semi-Furnished,Low (1-4),Pune - Koregaon Park,161.16
718,2,2,1,1,Semi-Furnished,High (11+),Bengaluru - Koramangala,136.6
350,2,2,3,8,Unfurnished,High (11+),Pune - Koregaon Park,75.13
681,2,1,1,16,Semi-Furnished,Low (1-4),Mumbai - Andheri,115.82
2054,5,5,2,16,Unfurnished,Ground,Pune - Koregaon Park,169.67
1501,4,3,1,11,Semi-Furnished,High (11+),Kochi - Marine Drive,149.78
1160,3,3,2,19,Fully Furnished,High (11+),Mumbai - Bandra,239.2
1469,3,3,3,2,Unfurnished,High (11+),Kochi - Marine Drive,138.21
1186,3,3,0,3,Semi-Furnished,Ground,Bengaluru - Koramangala,142.66
1622,5,4,3,16,Fully Furnished,High (11+),Kolkata - New Town,144.76
1166,3,2,2,14,Semi-Furnished,Low (1-4),Chennai - Adyar,127.77
1217,3,2,2,32,Fully Furnished,Mid (5-10),Hyderabad - Gachibowli,127.04
651,2,1,1,15,Semi-Furnished,High (11+),Pune - Viman Nagar,77.3
1732,4,4,2,10,Fully Furnished,Low (1-4),Kolkata - New Town,155.82
1336,4,4,2,19,Unfurnished,High (11+),Bengaluru - Koramangala,167.82
1175,3,2,1,23,Unfurnished,Low (1-4),Gurgaon - DLF Phase,116.48
350,1,1,3,15,Unfurnished,High (11+),Pune - Koregaon Park,70.77
1546,4,4,0,29,Semi-Furnished,Low (1-4),Chennai - OMR,110.62
527,1,1,1,33,Fully Furnished,High (11+),Chennai - Adyar,71.59
1170,3,3,1,0,Semi-Furnished,Ground,Chennai - OMR,101.82
1960,5,5,1,23,Semi-Furnished,Mid (5-10),Bengaluru - Koramangala,231.25
1204,3,3,2,23,Semi-Furnished,Mid (5-10),Chennai - OMR,111.69
813,2,2,0,8,Semi-Furnished,Low (1-4),Mumbai - Andheri,117.31
1324,3,3,3,21,Semi-Furnished,Low (1-4),Hyderabad - Gachibowli,138.23
1725,4,4,0,11,Semi-Furnished,Mid (5-10),Mumbai - Bandra,249.23
1455,3,3,1,16,Semi-Furnished,Low (1-4),Gurgaon - DLF Phase,147.2
2030,5,4,0,24,Unfurnished,Mid (5-10),Gurgaon - DLF Phase,171.68
350,1,1,1,27,Fully Furnished,Low (1-4),Bengaluru - Koramangala,54.97
1354,3,3,3,14,Unfurnished,High (11+),Pune - Hinjewadi,121.78
1442,3,2,2,29,Unfurnished,Ground,Bengaluru - Koramangala,133.89
2043,4,4,2,26,Fully Furnished,Low (1-4),Bengaluru - Whitefield,196.56
1061,2,2,0,21,Semi-Furnished,Low (1-4),Delhi - Dwarka,110.42
1511,4,3,1,9,Semi-Furnished,Low (1-4),Bengaluru - Koramangala,197.09
1233,3,3,1,30,Semi-Furnished,Low (1-4),Delhi - South Delhi,155.96
1151,3,2,1,26,Semi-Furnished,Low (1-4),Mumbai - Andheri,169.67
726,2,1,0,11,Unfurnished,High (11+),Hyderabad - Banjara Hills,91.9
1579,4,4,2,30,Semi-Furnished,Mid (5-10),Pune - Koregaon Park,159.79
1031,2,2,1,31,Semi-Furnished,Mid (5-10),Hyderabad - Banjara Hills,113.65
513,2,2,2,31,Semi-Furnished,Ground,Bengaluru - Whitefield,73.92
619,2,2,1,34,Semi-Furnished,Mid (5-10),Bengaluru - Koramangala,83.78
1819,4,4,1,20,Fully Furnished,Low (1-4),Kolkata - Salt Lake,174.8
